,Year_Lobt,Month_Lobt,APT_ICAO,Total Delay (TD),Total Flights (TF),Total_Flights_Period,Avg Delay per Movement (in min),Avg Proportion of Delay (%),Delay_Ratio
0,2024,July,EDDF,295785,25288,244460,1.2099525484741875,4.243149075497455,10.344432627014644
1,2024,August,EDDF,242797,23770,244137,0.9945112785034631,4.492451274896818,9.736336565125319
2,2024,September,EDDF,213238,23435,241043,0.8846471376476395,4.513544783022274,9.722331700153084
3,2023,August,EDDF,291567,21990,240295,1.2133710647329332,4.496111025184621,9.151251586591481
4,2023,July,EDDF,246893,21909,237439,1.0398165423540364,4.288735817153273,9.227212041829691
5,2024,October,EDDF,202044,21578,238680,0.8465057817998993,4.540864612590152,9.04055639349757
6,2023,October,EDDF,222135,20932,246228,0.9021516643111261,4.392307929585453,8.501064054453597
7,2023,June,EDDF,236981,20731,234583,1.0102223946321773,4.493097234058888,8.837383783138591
8,2023,September,EDDF,208035,20193,216257,0.9619804214430054,4.366833767914128,9.33750121383354
9,2024,June,EDDF,223797,19572,219232,1.020822690118231,4.205785569714932,8.927528827908334
10,2024,May,EDDF,169244,18740,231557,0.7308956326088178,4.323810054230289,8.093039726719555
11,2024,December,EDDF,178917,18034,194769,0.9186112779754477,4.862562101166469,9.259173687804527
12,2024,July,EHAM,252749,17932,285617,0.8849228162189224,3.758608213472542,6.278337774012051
13,2024,April,EDDF,166188,17800,221085,0.7516927878417805,4.433071393341328,8.051202026369948
14,2023,May,EDDF,160809,17790,223414,0.719780318153741,3.868681957530118,7.962795527585558
15,2023,August,LTFM,230606,17384,296854,0.7768330559803811,3.5135357499817155,5.8560773983170185
16,2024,November,EDDF,162300,17216,206584,0.7856368353793126,4.567031100553192,8.333656043062387
17,2023,July,EHAM,236943,17128,279327,0.8482638627844774,3.9526356993519265,6.1318812717710784
18,2023,December,EDDF,201156,17029,185113,1.0866659823999394,4.230650320838405,9.199245866038583
19,2024,September,EHAM,204623,16864,281707,0.7263681768646144,3.4682946044418967,5.986361716251283
20,2024,August,EHAM,206085,16524,288388,0.7146101779547002,3.9586738917883677,5.729780712096204
21,2024,June,EHAM,208383,16500,274227,0.7598923519565907,4.054210224447248,6.016912995438086
22,2023,April,EDDF,150617,16336,211616,0.7117467488280658,4.487099852323745,7.7196431271737485
23,2024,October,EHAM,179876,16214,283254,0.6350342801866876,3.687034562515669,5.724191008776575
24,2024,August,EDDM,195344,16060,183821,1.0626859825591195,3.904751129684098,8.736760217820597
25,2023,November,EDDF,163084,16052,199121,0.8190195911028971,4.534451588937632,8.061429984783121
26,2023,March,EDDF,211721,15856,187884,1.1268708351961845,4.521918128295261,8.439249749845649
27,2024,July,EDDM,206734,15833,179962,1.148764739222725,3.7570164418309737,8.797968460008224
28,2023,July,LTFM,210554,15700,289714,0.7267650165335471,3.5727145157540923,5.419137494218436
29,2023,October,EHAM,213525,15632,261919,0.8152329536994265,3.4977343559827814,5.968257362008865
30,2024,August,LTFM,363233,15612,294372,1.2339251015721604,4.572352094008683,5.303493538787656
31,2024,September,EDDM,173718,15536,183719,0.9455636052885107,3.774654118238076,8.45639264311258
32,2023,September,EHAM,203053,15498,249764,0.8129794526032574,3.9640292839922933,6.205057574350186
33,2024,April,EHAM,171491,15220,265846,0.6450764728451807,3.849446638257836,5.725119053888341
34,2024,March,EDDF,150513,15090,195925,0.7682174301390835,4.663846290424388,7.701926757687891
35,2024,May,EHAM,168073,14915,271201,0.6197359154280404,4.05461314682494,5.499610989634995
36,2024,March,EHAM,156032,14780,267461,0.5833822501224479,4.220766837202978,5.526039310404134
37,2023,June,EHAM,184020,14488,247146,0.7445801267267116,3.9343252884412863,5.862121984575919
38,2024,December,EHAM,156262,14444,257023,0.6079689366321304,3.6335284863034043,5.619730529952571
39,2023,September,LTFM,218407,14380,284172,0.7685732584491082,3.5895612855213828,5.060315583519841
40,2024,January,EDDF,153908,13847,172788,0.8907331527652386,4.539143134541586,8.013866703706276
41,2023,August,EHAM,180327,13802,237337,0.7597930369053283,3.964505510233287,5.815359594163573
42,2023,May,EHAM,157837,13777,255680,0.6173224342928655,3.6304848758356973,5.388376095118899
43,2024,July,LTFM,264164,13369,292230,0.9039592102111351,4.523993706647353,4.574821202477501
44,2024,July,LFPG,345581,13280,268957,1.2848931241797021,4.769828623167651,4.937592254523957
45,2024,November,EHAM,149201,13211,249441,0.5981414442693864,3.9815494314588316,5.296242398001932
46,2024,October,EDDM,116533,13190,180387,0.6460166198229359,3.882862068482958,7.31205685553837
47,2024,September,LTFM,234479,13088,282115,0.8311468727292058,4.201125249895276,4.639242861953458
48,2023,November,EHAM,157284,13022,231506,0.6793949184902334,3.9397371805244497,5.6249082097224266
49,2024,January,EHAM,159947,12942,243236,0.6575794701442215,3.696289844475599,5.320758440362447
50,2024,February,EHAM,140556,12929,245361,0.5728538765329452,4.218711731569927,5.269378589099327
51,2023,December,EHAM,167886,12899,225573,0.7442646061363732,3.2712083163816406,5.718326218120077
52,2023,July,LFPG,343104,12736,254898,1.3460443000729714,4.682083291257391,4.996508407284482
53,2023,August,EDDM,176198,12640,172465,1.0216449714434812,4.000813795652826,7.3290232800858135
54,2023,March,EHAM,162990,12571,236011,0.6906034040786235,4.021613427189897,5.326446648673155
55,2024,June,EDDM,145736,12553,165342,0.8814215383871009,3.6272614071840867,7.592142347376953
56,2023,May,LTFM,154000,12529,282965,0.5442369197603948,3.601159011982274,4.42775608290778
57,2023,October,LTFM,207080,12522,271660,0.7622763748803659,3.457320259582846,4.609438268423765
58,2023,June,LTFM,150991,12471,279395,0.5404212673813058,3.579677221891103,4.463573077542547
59,2023,June,LFPG,360939,12450,248149,1.4545253053608913,4.834298191064194,5.017146956062688
60,2024,June,LFPG,286435,12400,261681,1.0945960921885811,4.797830653922699,4.738593936892629
61,2024,August,LFPG,260145,12326,271524,0.9580921023555924,4.73209445816795,4.539561880349435
62,2023,January,EDDF,127760,12250,173978,0.7343457218728805,4.714472907832718,7.041120141627102
63,2023,April,EHAM,140427,12062,210749,0.6663234463745977,4.176734706988794,5.723396077798709
64,2024,February,EDDF,120364,12024,168742,0.713301963944957,4.816257249054566,7.125671142928257
65,2024,May,EDDM,130650,11986,178109,0.7335395740810399,3.901600238426147,6.729586938335514
66,2023,August,LFPG,289835,11963,254031,1.1409434281642798,4.649133838463228,4.709267766532431
67,2023,July,EDDM,137975,11790,166974,0.8263262543869107,3.6903117648128694,7.060979553702971
68,2023,September,EDDM,126203,11771,170663,0.7394865905322182,3.7683403632211574,6.897218494928602
69,2024,September,LFPG,233854,11762,261443,0.8944741301163163,4.496344919611302,4.498877384362939
70,2023,February,EDDF,139317,11685,156502,0.8901930965738457,4.659652732671585,7.466358257402462
71,2024,October,LFPG,223140,11630,257890,0.8652526270890691,4.69279283845406,4.509674667493893
72,2024,June,LTFM,194991,11369,285345,0.6833517321137572,4.5456579968808395,3.984299707371778
73,2023,May,LFPG,225263,11356,255051,0.8832076721910523,4.704608370482454,4.452442844764381
74,2023,October,EDDM,112706,11284,184569,0.6106442577030812,3.798856696013263,6.1137027344787045
75,2023,October,LFPG,235278,11211,254116,0.9258685009995438,4.650763771096188,4.411764705882353
76,2024,December,LFPG,259260,11195,242641,1.0684921344702663,4.91284094132655,4.613812175188859
77,2024,April,EDDM,110214,11156,170425,0.6467008948217692,3.811099957433138,6.5459879712483495
78,2023,April,LTFM,153697,11136,263721,0.5828015213047124,3.5383856726885634,4.222644385543814
79,2023,September,LFPG,230308,10912,246704,0.9335397885725397,4.595404914338476,4.423114339451326
80,2024,May,LFPG,213014,10893,257890,0.8259878242661602,4.677590281440672,4.223893908255457
81,2024,July,LIRF,246213,10748,197166,1.2487599281823438,3.066228915652145,5.4512441293123555
82,2024,July,LSZH,137114,10739,137751,0.9953757141508961,3.582514307691667,7.795950664604976
83,2023,July,EGKK,214499,10718,172618,1.242622437984451,3.11648501857259,6.209085958590645
84,2023,November,LTFM,172644,10651,242556,0.7117696531934884,4.465205490647831,4.391150909480697
85,2024,August,LIRF,198305,10625,199002,0.9964975226379629,3.044102296450939,5.339142320177687
86,2023,April,LFPG,274791,10597,215271,1.2764887049347104,5.0963280199097145,4.922632402878232
87,2024,April,LFPG,194125,10445,235943,0.8227622773296936,4.816709472212705,4.426916670551786
88,2023,June,EDDM,106544,10358,164441,0.6479162739219535,3.9198517178783976,6.298915720531984
89,2023,December,LFPG,237815,10355,229483,1.0363077003525318,4.822702830735831,4.512316816496211
90,2023,March,LFPG,213178,10055,222360,0.9587066019068172,4.622486859680465,4.521946393236194
91,2023,December,LTFM,157292,10039,249883,0.6294625884914135,4.525121455201177,4.017480180724579
92,2024,September,LPPT,158734,9935,143803,1.1038295445853006,3.814269714192891,6.908757119114344
93,2024,October,LPPT,185107,9928,141712,1.3062196567686581,3.940607435183079,7.005758157389636
94,2023,August,EGKK,193040,9830,158287,1.2195568808556612,3.501618664222453,6.210238364489819
95,2024,July,EGKK,189968,9809,169099,1.123412911962814,3.2513000544941204,5.800743942897356
96,2024,July,LOWW,164002,9779,167841,0.9771271620164325,3.014233995072154,5.826347555126578
97,2024,December,EDDM,85210,9682,142392,0.5984184504747456,4.213619271979951,6.799539299960672
98,2023,May,EDDM,92743,9599,166396,0.5573631577682151,3.981310682008141,5.768768480011539
99,2024,August,LPPT,136563,9599,147832,0.9237715785486227,3.9783468024914774,6.49318144921262
100,2023,August,LPPT,161677,9570,141593,1.1418431702132164,3.8889913859936476,6.758808698170107
101,2023,January,EHAM,104644,9527,210188,0.49785905950862963,4.432552089179674,4.532608902506328
102,2024,August,EGKK,174213,9461,164662,1.0580036681201497,3.34586755693648,5.745709392573879
103,2024,August,LOWW,132424,9441,167348,0.7913091282835765,3.1186031943404315,5.641537395128714
104,2024,November,LFPG,207925,9424,219861,0.9457111538653966,4.870125687538544,4.286344554059156
105,2023,July,LPPT,158870,9416,147237,1.0790086730916817,3.5584717587881585,6.395131658482582
106,2024,January,LTFM,127040,9392,253844,0.5004648524290506,4.544036810131938,3.6999101810560817
107,2023,October,LPPT,160252,9390,143633,1.1157046082724718,3.77741953961079,6.537494865386088
108,2024,September,EGKK,179627,9384,164067,1.094839303455296,3.0624897811586633,5.7196145477152625
109,2024,September,LIRF,145272,9380,187646,0.7741811709282378,2.9944395340553824,4.998774287754602
110,2024,July,LPPT,147956,9336,147866,1.0006086591914303,3.69309445551593,6.313824679101349
111,2023,February,EHAM,89523,9327,199427,0.4489011016562456,4.62239089184061,4.676899316541893
112,2023,March,LTFM,108272,9312,243729,0.44423109273004074,4.327402499351519,3.8206368548674967
113,2024,June,LIRF,155312,9304,183923,0.8444403364451424,3.0617135005613383,5.058638669443191
114,2024,July,LEBL,158517,9285,218960,0.7239541468761419,2.8643443812288263,4.240500548045305
115,2023,November,LFPG,186469,9279,222870,0.8366716022793558,4.74737597041422,4.163413649212545
116,2024,July,LEPA,174636,9266,183124,0.9536488936458359,2.8430417466548263,5.059959371791791
117,2024,March,LFPG,168766,9264,231081,0.7303326539178903,4.92998478641387,4.008983862801355
118,2024,August,LEPA,178523,9218,181356,0.9843787908864333,2.7128339110089317,5.082820529786718
119,2024,November,EDDM,73259,9155,151351,0.4840338022213262,4.310947991933487,6.048853327695225
120,2023,July,LIRF,188045,9128,164611,1.1423598665945776,3.1519369548914913,5.545194428075888
121,2024,August,LSZH,107365,9103,135507,0.7923206919199742,3.5134423160936343,6.717734139195762
122,2023,June,EGKK,169763,9098,160905,1.0550511171187964,2.9828719826541024,5.654268046362761
123,2023,September,LPPT,158223,9078,140199,1.128560118117817,3.7855525840177204,6.475081847944707
124,2024,September,LSZH,100701,9073,132532,0.7598240424953971,3.22433564776644,6.845893821869435
125,2023,June,LPPT,161326,9057,137836,1.1704199193244138,4.059549248764718,6.570852317246583
126,2024,January,LFPG,198355,8998,198730,0.9981130176621545,4.900025691445732,4.527751220248579
127,2023,September,EGKK,165193,8901,159664,1.0346289708387617,2.9998411033781434,5.57483214750977
128,2024,October,LTFM,157884,8863,264809,0.5962184064741005,4.525574811978999,3.3469406251298106
129,2023,January,LFPG,163634,8748,209542,0.7809126571284042,4.996589223411665,4.174819367954873
130,2024,August,LEBL,136242,8746,217056,0.6276813356921718,2.9769235004820143,4.029374907857879
131,2024,June,LSZH,102709,8680,127585,0.8050241015793391,3.3804859376537655,6.803307598855665
132,2023,July,LEBL,124377,8662,205972,0.6038539218922963,3.066304328800168,4.205425980230323
133,2024,September,LOWW,104919,8648,162486,0.6457110151028395,2.7791338354293122,5.322304690865675
134,2024,June,LOWW,119882,8648,158100,0.7582669196710949,2.9542248184751765,5.469955724225174
135,2024,June,LEPA,162406,8512,165631,0.9805290072510587,2.8529900127958183,5.1391345822943775
136,2024,September,LEBL,131176,8481,211565,0.6200269420745398,2.581751393259294,4.008697090728617
137,2024,June,LEBL,134538,8475,206142,0.6526472043542805,2.668231057885845,4.111243705795035
138,2023,July,LOWW,107246,8443,158032,0.6786347068948064,3.122445176843261,5.342588842766022
139,2024,December,LTFM,172115,8441,268141,0.6418824424463252,4.75308875516104,3.147970657228846
140,2024,March,EDDM,79889,8414,149957,0.5327460538687759,4.228584615889493,5.610941803316951
141,2023,November,EDDM,79464,8378,153493,0.517704390428228,4.009429202271729,5.458229365508525
142,2023,May,LPPT,134204,8375,137700,0.9746114742193174,4.282681759638301,6.082062454611474
143,2023,April,EDDM,75236,8375,158117,0.4758248638666305,3.859766667675609,5.296710663622507
144,2024,May,LPPT,109585,8357,141678,0.7734792981267382,4.046437004857494,5.898586936574485
145,2023,December,EDDM,129692,8300,122621,1.0576654895980298,4.02603893422903,6.76882426338066
146,2023,August,LOWW,96484,8297,161432,0.5976758015758958,3.249993936829852,5.139625353089846
147,2024,June,EGKK,141915,8211,155380,0.9133414853906553,3.4216098962076735,5.284463894967177
148,2024,September,LEPA,133778,8195,166192,0.8049605275825549,2.5940190852698133,4.931043612207567
149,2024,July,LGAV,157901,8187,150620,1.048340193865357,3.384009573750366,5.435533129730448
150,2024,October,LIRF,109176,8186,179860,0.6070054486823083,3.255496348689016,4.551317691537863
151,2024,August,LGAV,135424,8149,149141,0.9080266325155395,3.5450659281112635,5.463956926666711
152,2023,March,LPPT,135645,8143,131410,1.0322273799558634,3.7848728972463297,6.196636481241915
153,2024,February,LFPG,141614,8136,199784,0.7088355423857765,4.944170610090835,4.072398190045249
154,2024,October,LEBL,110460,8132,212024,0.5209787571218352,2.8497077153398434,3.835414858695242
155,2023,August,LIRF,142878,8117,160174,0.8920174310437397,3.308280843817923,5.067613969807834
156,2024,October,LSZH,77552,8115,132209,0.5865863897314099,3.494891866192582,6.13800875885908
157,2023,February,LFPG,146170,8016,195806,0.7465041929256506,4.942423488295347,4.093847992400641
158,2024,March,LPPT,126650,8007,131954,0.9598041741819121,3.8249458346596557,6.06802370523061
159,2023,February,LTFM,128312,7998,206074,0.6226501159777562,3.9982226243960395,3.8811300794860095
160,2024,May,LTFM,105376,7982,279463,0.3770660158947694,4.998135944213028,2.8561920540465104
161,2024,April,LPPT,108689,7891,134895,0.8057303828903966,3.9946208658656523,5.849734979057786
162,2023,May,EGKK,121154,7888,149940,0.8080165399493133,3.4189698446374313,5.26077097505669
163,2023,July,LEPA,125009,7852,174930,0.7146229920539641,2.725284106764149,4.488652603898703
164,2023,June,LIRF,135686,7830,156383,0.8676518547412436,3.17039364603447,5.006938094294136
165,2023,October,EGKK,109652,7767,163455,0.6708390688568722,3.3067351825381017,4.751766541249886
166,2023,June,LOWW,88537,7757,154836,0.5718114650339716,3.400559455922777,5.00981683846134
167,2024,May,LSZH,75394,7678,132362,0.5696045692872583,3.623495576965036,5.800758525860896
168,2023,January,LTFM,97970,7657,220864,0.44357613735149193,4.1570964058534585,3.466839321935671
169,2023,October,LIRF,100190,7632,162554,0.6163490286304861,3.4079448415674722,4.695055181662709
170,2024,October,LOWW,67637,7508,158559,0.42657307374542,3.1743595736482675,4.735145907832416
171,2024,November,LTFM,124082,7454,252824,0.49078410277505297,4.559045819729533,2.9482960478435594
172,2024,April,LTFM,125240,7423,269620,0.4645056004747425,5.041027783614165,2.753134040501447
173,2024,June,LGAV,128595,7407,137411,0.9358421087103652,3.5247247400894075,5.390398148619833
174,2023,July,LGAV,135583,7369,140522,0.964852478615447,3.346650856119412,5.244018730163249
175,2024,October,EGKK,113423,7351,158848,0.7140348005640615,3.045422093413205,4.627694399677679
176,2023,July,EIDW,119065,7331,145061,0.8207926320651308,3.182066364116691,5.053736014504244
177,2023,September,LSZH,80617,7331,118949,0.6777442433311758,3.4799856685904698,6.163145549773432
178,2023,September,LOWW,76674,7321,153102,0.5008033859779758,3.397080090170559,4.78177946728325
179,2023,August,LSZH,86256,7259,123250,0.6998458417849905,3.442931345340114,5.889655172413793
180,2024,May,LEBL,87648,7238,206380,0.4246923151468167,3.1076795652198577,3.5071227832154275
181,2023,September,LIRF,103064,7236,157386,0.6548485888198434,3.2123757379980082,4.597613510731577
182,2023,October,LSZH,71563,7195,128333,0.5576352146369211,3.3657857482162963,5.606508068852127
183,2023,April,LPPT,107862,7192,116841,0.9231519757619333,4.2801022189771745,6.155373541821793
184,2023,August,LGAV,115798,7189,140352,0.8250541495668039,3.5387569336233224,5.122121523027816
185,2023,March,EDDM,72052,7186,140182,0.5139889572127662,3.923783238912829,5.126193091837754
186,2024,November,LPPT,101434,7159,120955,0.8386094001901533,4.1774000982636625,5.918730106237857
187,2024,September,LGAV,100704,7130,135507,0.7431645597644403,3.5833195450396778,5.261720796711609
188,2024,May,LIRF,95824,7119,159868,0.5993945004628821,3.3731521392854407,4.453048765231316
189,2024,April,LSZH,64717,7099,124168,0.5212051414213003,3.554677952230426,5.717254042909607
190,2024,December,LSZH,70419,7095,111418,0.6320253459943637,4.024692599878606,6.367911827532356
191,2024,December,LPPT,95726,7088,127602,0.7501920032601377,4.204924971041337,5.554771868779487
192,2024,October,LEPA,97040,7009,155482,0.624123692774727,2.932593858718122,4.50791731518761
193,2023,June,LEBL,103947,6988,187646,0.5539526555322256,3.1664436841104813,3.7240335525404222
194,2024,January,EDDM,64248,6964,131937,0.4869596853043499,3.8979074410790937,5.278276753298923
195,2023,November,LPPT,101329,6957,120921,0.8379768609257283,3.7460041427155506,5.75334309177066
196,2023,December,LSZH,78271,6946,103071,0.7593891589292815,3.8803708887160298,6.739043959988746
197,2023,October,LEBL,95977,6946,198288,0.4840282820947306,3.0784068890728538,3.5029855563624626
198,2023,June,LEPA,113114,6906,155533,0.727266882269357,2.9184842582613735,4.440215259784098
199,2024,May,LOWW,68182,6901,150688,0.4524713314928865,3.425523673251404,4.57966128689743
200,2023,October,LOWW,62778,6896,153918,0.4078665263322026,3.211402222271103,4.480307696305825
201,2023,June,LSZH,79207,6889,116297,0.681075178207521,3.3547433445783517,5.92362657678186
202,2024,July,LEMD,112733,6887,152507,0.7391988564459331,3.200954269566956,4.515858288472005
203,2023,August,EIDW,114341,6865,145469,0.7860162646337022,3.0321207343109506,4.719218527658814
204,2023,December,LPPT,100009,6860,126616,0.7898606811145518,3.8423089276466094,5.41795665634675
205,2023,May,LOWW,65406,6805,146812,0.44550854153611397,3.771343761045593,4.635179685584284
206,2023,June,EIDW,115869,6765,139060,0.8332302603192863,3.360097576196605,4.864806558320149
207,2023,January,LPPT,91965,6681,124746,0.7372180270309266,4.075629935549519,5.355682747342601
208,2024,May,LEPA,88654,6644,154751,0.5728815968879044,3.0932500409100068,4.29334866979858
209,2023,September,EIDW,114635,6623,139332,0.8227471076278238,3.1991210405522446,4.753394769327937
210,2023,February,LPPT,98972,6622,116144,0.8521490563438492,4.246232761960497,5.7015429122468655
211,2023,August,LEPA,125574,6571,147271,0.8526729634483372,2.94213708043022,4.46184245370779
212,2024,March,LTFM,85614,6571,256190,0.33418166204769884,4.803897253809665,2.564893243295991
213,2023,May,EIDW,99103,6566,141508,0.700334963394296,3.49474745836228,4.6400203522062355
214,2023,May,LSZH,71530,6540,116059,0.6163244556647909,3.4000089361342094,5.635064923874926
215,2024,February,EDDM,54954,6513,134045,0.4099668021932932,4.201549605258934,4.858816069230482
216,2024,May,LGAV,87685,6437,124797,0.7026210565959113,3.5614745808560517,5.157976553923572
217,2024,July,EIDW,109185,6434,146285,0.746385480397853,3.102683081319366,4.398263663396794
218,2024,February,LTFM,76954,6416,238510,0.3226447528405516,4.81262386624666,2.6900339608402164
219,2023,September,LGAV,96547,6365,126701,0.7620066139967316,3.5319945359389333,5.023638329610658
220,2023,April,LSZH,60971,6350,108375,0.5625928489042673,3.6319285182427397,5.859284890426759
221,2023,March,LEBL,110017,6323,160701,0.68460681638571,3.223913994577048,3.934636374384727
222,2023,May,LEPA,86312,6252,147475,0.5852652992032549,3.008679338545097,4.239362603831158
223,2024,September,EIDW,91137,6180,143225,0.6363204747774485,3.2540409956964838,4.31488916041194
224,2024,August,EIDW,91054,6158,149107,0.610662141951753,3.1343404319038077,4.129920124474371
225,2023,May,LEBL,89704,6069,190128,0.4718084658756206,3.4467998447664394,3.19206008583691
226,2023,September,LEBL,81364,6058,186354,0.4366098929993453,3.061802393251421,3.2508022366034535
227,2024,August,LEMD,97112,6045,151504,0.6409863765973177,3.3144592911141806,3.989993663533636
228,2023,February,EDDM,60532,6038,124151,0.4875675588597757,4.079869243601192,4.863432433085516
229,2024,October,LEMD,97616,6012,144143,0.6772163754049798,3.239777952278193,4.170858106186218
230,2024,March,LSZH,52389,5995,112421,0.46600724064009347,3.835782330756329,5.332633582693624
231,2024,December,LIRF,69884,5991,149464,0.46756409570197566,3.3340282803686705,4.008323074452711
232,2024,May,EGKK,75107,5961,138108,0.5438280186520692,3.5814645251091632,4.316187331653488
233,2023,April,LOWW,52322,5957,132209,0.39575218026004283,3.5751794183585823,4.505744692116271
234,2024,June,EIDW,92894,5929,138788,0.6693229962244576,3.3766215827672883,4.271983168573652
235,2023,June,LGAV,89444,5926,128129,0.6980777185492746,3.240444034012992,4.625026340641073
236,2024,June,LEMD,90830,5897,142681,0.6365949215382568,3.206662571402345,4.132995984048331
237,2024,January,LPPT,77558,5813,114733,0.6759868564406051,4.1706908382250765,5.066545806350397
238,2024,November,LIRF,69698,5797,144075,0.4837619295505813,3.5603782384663707,4.023598820058997
239,2023,June,LEMD,89350,5793,132617,0.6737446933651041,3.3021181230664456,4.3682182525618884
240,2024,October,LGAV,61570,5785,122179,0.5039327544013291,3.9071845362558424,4.7348562355232895
241,2024,April,LOWW,48944,5782,137479,0.35601073618516266,3.5740730733786155,4.205733239258359
242,2024,December,EGKK,93341,5724,133076,0.7014112236616665,3.0177675871826097,4.301301511918002
243,2023,January,EDDM,45797,5711,130560,0.3507735906862744,4.026155903320212,4.374234068627452
244,2023,July,LEMD,79977,5710,138278,0.5783783392875227,3.115066652385172,4.129362588408858
245,2023,August,LTAI,85727,5683,100045,0.8568844020190911,2.860980770385992,5.680443800289869
246,2024,March,LIRF,65422,5677,146047,0.4479516867857609,3.4482831321808494,3.8871048361144016
247,2024,April,LEBL,70375,5672,193562,0.3635785949721538,3.360096331514862,2.930327233651233
248,2023,September,LEPA,80617,5662,137173,0.5877031194185443,2.6248015534506552,4.127634447012166
249,2023,October,EIDW,79806,5641,141814,0.562751209330532,3.1036180487876965,3.9777454976236477
250,2024,July,LTAI,121707,5636,98005,1.2418448038365393,2.6023362803399572,5.7507270037243
251,2023,October,LEPA,73239,5577,148971,0.49163259963348566,2.754447643719141,3.7436816561612667
252,2024,December,LOWW,54145,5554,124185,0.4360027378507873,3.398964836454832,4.472359785803438
253,2024,September,LEMD,80971,5552,147866,0.5475971487698326,3.1559139428715315,3.754750923133107
254,2023,December,LOWW,59066,5506,111537,0.5295641804961582,3.270674839016195,4.93647847799385
255,2024,November,LSZH,52765,5488,107610,0.49033547068116395,4.131435475144441,5.09989777901682
256,2024,May,EIDW,81282,5488,144347,0.5631014153394249,3.6624797910707643,3.8019494689879245
257,2023,May,LIRF,75864,5476,137003,0.5537396991306759,3.27594329540101,3.9969927665817533
258,2023,June,EKCH,78441,5449,132430,0.5923204711923279,2.3013119423188995,4.114626595182361
259,2024,February,LPPT,67291,5417,115192,0.5841638308215851,3.8805663731920257,4.70258351274394
260,2023,April,EIDW,85081,5411,128639,0.6613935120764308,3.3634397448116893,4.206344887631278
261,2024,November,LEBL,80590,5388,177514,0.45399236116587965,2.922392510784459,3.03525355746589
262,2023,March,LSZH,55971,5381,95982,0.5831405888604106,3.6705520353919616,5.606259506990894
263,2023,November,LSZH,52296,5380,102068,0.5123643061488421,3.8360396719385053,5.270995806717091
264,2023,March,LEMD,73603,5379,128214,0.5740636747937046,3.3779516862451375,4.195329683185924
265,2023,December,EGKK,71402,5378,120156,0.5942441492726124,2.805821011709846,4.475848064183229
266,2024,December,LEBL,67875,5347,183923,0.369040304910207,3.290923451302332,2.9071948587180505
267,2024,December,LEMD,73136,5261,147084,0.4972396725680563,3.876619852093082,3.5768676402599873
268,2024,November,LEMD,74074,5239,138431,0.5350969074845946,3.5751570170311555,3.7845569272778494
269,2024,March,LEBL,56913,5076,185657,0.306549174014446,3.312610480009267,2.7340741259419254
270,2023,October,LGAV,59145,5056,117538,0.5031989654409639,3.617110409168606,4.3015875716789465
271,2024,January,LSZH,46053,5030,99008,0.4651442307692309,3.574067233099372,5.080397543632838
272,2023,April,LEBL,73892,5026,169779,0.4352246155296003,3.4180696223757443,2.960319002939115
273,2023,March,EGKK,87499,5013,118643,0.7374982089124509,3.304548810632082,4.225280884670819
274,2023,November,LIRF,61581,4967,120037,0.5130168198138902,3.4470926333725553,4.137890816998092
275,2024,March,LEMD,57746,4965,141950,0.4068052131032052,3.6201120400415268,3.4977104614300814
276,2024,March,EGKK,60736,4959,129829,0.46781535712360084,3.425216078032845,3.8196396798866203
277,2023,May,LEMD,65084,4906,132804,0.4900756001325264,3.5883389459709214,3.694165838378362
278,2024,February,LSZH,41175,4894,100810,0.40844162285487584,4.0251588312522415,4.85467711536554
279,2024,October,EIDW,70848,4877,136153,0.5203557762223378,3.0806920599388707,3.581999662144793
280,2024,May,LEMD,65861,4852,143667,0.4584281707002999,3.565214943577785,3.3772543451175285
281,2023,October,LEMD,63060,4798,139383,0.45242246184972323,3.060873819772487,3.4423136250475306
282,2023,April,LEMD,62363,4731,124083,0.5025910076319883,3.3182380982025648,3.8127704842726238
283,2023,May,LGAV,65879,4724,110449,0.5964653369428419,3.0861647028842123,4.277087162400746
284,2024,November,LOWW,37981,4688,122536,0.30995788992622575,3.634757627000239,3.825814454527649
285,2023,December,LIRF,53993,4679,119374,0.4523011711092866,3.318037654777335,3.9196139862951727
286,2023,November,LOWW,37108,4665,114699,0.32352505252879293,3.4180318959815943,4.067167106949494
287,2023,March,EIDW,78397,4579,119085,0.6583280849813157,3.5348946682820808,3.845152622076668
288,2023,December,LEMD,66442,4572,130764,0.5081062066012056,3.7919035821680893,3.4963751491236117
289,2023,April,LIRF,60841,4562,120887,0.5032881947603963,3.381727631995821,3.7737722004847503
290,2024,March,LOWW,39079,4555,120700,0.32376967688483854,3.959632599917925,3.773819386909693
291,2023,July,EGLL,67494,4531,90321,0.7472680771913507,3.5726365702180787,5.016552075375605
292,2023,July,EKCH,61829,4523,134504,0.45968149646107154,2.5297877816188685,3.3627252721108665
293,2023,November,LEMD,62661,4508,123760,0.5063106011635428,3.674953066800851,3.6425339366515836
294,2024,August,LTAI,75258,4507,97546,0.7715129272343308,3.341869551721976,4.620384228979148
295,2023,December,LEBL,53866,4495,167977,0.32067485429552856,3.19530095124654,2.675961589979581
296,2024,April,EGKK,50319,4483,134504,0.3741078332242909,3.6042779446325484,3.332986379587224
297,2023,November,LEBL,54494,4466,161449,0.337530737260683,3.5558125012642456,2.76619861380374
298,2023,March,LOWW,40884,4462,112030,0.3649379630456127,3.7484665614118087,3.982861733464251
299,2024,April,EIDW,55676,4441,133076,0.418377468514232,3.424002951938747,3.3371907782019297
300,2024,April,LEMD,54253,4399,136782,0.39663844657922825,3.499559112186761,3.2160664414908395
301,2023,October,LTAI,54652,4370,86751,0.6299869742135535,2.908237167241201,5.037405908865604
302,2024,April,LGAV,46703,4341,103853,0.44970294550951834,3.657713285026425,4.179946655368646
303,2024,July,EKCH,60744,4324,152014,0.3995947741655375,2.561618816242312,2.844474851000566
304,2023,May,EKCH,57976,4261,137836,0.4206158042891552,2.3731458263235146,3.09135494355611
305,2023,June,LTAI,65508,4208,84184,0.7781526180746937,3.215195464919389,4.99857455098356
306,2024,July,EGLL,67718,4203,81974,0.8260911996486691,3.130013565949694,5.127235464903506
307,2023,April,LEPA,55812,4192,114495,0.48746233459976396,2.804690766410446,3.6612952530678196
308,2024,April,LEPA,45646,4188,132515,0.3444591178357167,2.9153100079579297,3.1603969361959026
309,2023,February,LSZH,39218,4183,82178,0.4772323492905641,3.9809853085826963,5.090170118523206
310,2024,December,EGLL,47166,4167,74664,0.6317100610736098,2.7036353422678765,5.581002892960463
311,2024,November,LGAV,44481,4146,95013,0.4681569890436051,4.161875346776166,4.363613400271541
312,2023,August,EGLL,58512,4145,79628,0.7348168985783894,3.45876110714404,5.205455367458683
313,2023,March,LIRF,50404,4130,111078,0.45377122382469975,3.464687735428845,3.7181079961828623
314,2023,December,EIDW,57931,4124,113254,0.51151394211242,3.4454333778402924,3.641372490154873
315,2023,July,ENGM,48375,4123,139604,0.3465158591444373,2.8540934337266224,2.953353772098221
316,2024,August,EGLL,58027,4097,82705,0.7016141708481956,2.91851818321275,4.953751284686537
317,2023,August,LEBL,62394,4096,98974,0.6304079859357001,2.615562163093469,4.138460605815669
318,2024,September,LTAI,62525,4028,92599,0.6752232745494013,3.0613793711258435,4.349938984222292
319,2024,July,ENGM,49335,4016,141015,0.3498563982555046,3.1128952165460744,2.8479239797184697
320,2023,June,EGLL,66401,4015,89080,0.7454086214638528,3.575395831818927,4.507184553210598
321,2024,December,LGAV,42885,4013,95574,0.44870990018205825,3.600849392385528,4.198840688890283
322,2024,January,LEMD,45881,3987,124797,0.3676450555702459,4.051280964515864,3.194788336258083
323,2023,February,LEBL,49561,3914,142120,0.34872642837039125,3.598357102872747,2.7540106951871657
324,2024,July,LTFJ,67352,3913,55046,1.2235584783635505,3.7484103817031804,7.108600079933146
325,2024,June,LTFJ,65365,3905,57205,1.1426448736998516,3.2300067204301084,6.826326370072547
326,2023,January,LEMD,45955,3865,126395,0.36358242019067205,3.650110444534288,3.0578741247675936
327,2024,January,LOWW,33543,3856,101830,0.3294019444171656,3.662399344888765,3.786703329077875
328,2024,March,EIDW,53665,3848,123386,0.434935892240611,3.9553002792626986,3.1186682443713227
329,2023,February,LEMD,45347,3836,115481,0.39267931521202626,3.568045195606329,3.321758557684814
330,2024,September,EGLL,57338,3822,80886,0.7088742180352595,2.7965868159792406,4.725168756027001
331,2024,June,EKCH,48499,3806,148240,0.32716540744738254,2.6479078094144075,2.567458175930923
332,2023,September,EGLL,49941,3775,79254,0.6301385419032475,3.522471351398629,4.76316652787241
333,2023,December,EGLL,44794,3752,65008,0.6890536549347772,2.941110811999765,5.7715973418656175
334,2023,January,LSZH,33755,3733,83232,0.4055531526336025,3.9350526869222877,4.485053825451749
335,2023,April,EKCH,49651,3723,119952,0.41392390289449116,2.171613968729388,3.1037414965986394
336,2023,June,ENGM,43745,3721,145163,0.3013508952005674,2.899191381094053,2.563325365279031
337,2023,May,EGLL,49449,3716,93619,0.5281940631709379,3.731051045884934,3.969279740223673
338,2023,January,LIRF,44565,3714,115957,0.38432349922816217,3.4867863589312673,3.2029114240623677
339,2024,October,LTAI,46684,3675,84694,0.5512078777717437,3.72052248619269,4.339150353035635
340,2024,April,LIRF,43973,3670,88434,0.4972408802044458,3.3059149813063495,4.149987561345184
341,2024,February,EGKK,44133,3643,104856,0.4208915083543146,3.256062741163192,3.4742885481040666
342,2024,January,LEBL,45236,3632,151436,0.2987136480097202,3.570247516430193,2.398372910008188
343,2023,January,LOWW,39008,3608,105383,0.3701545790117949,3.6801145696045228,3.4237021151419107
344,2023,March,EGLL,52282,3575,86547,0.6040879522109375,3.501510588181715,4.130703548361006
345,2024,October,EGLL,39815,3539,81090,0.4909976569244051,2.759518832511793,4.364286595141201
346,2024,December,EIDW,57482,3536,107117,0.536628172932401,3.7789956163072294,3.301063323282019
347,2024,February,LEMD,37898,3524,122774,0.30868099108931857,3.7491071905537336,2.870314561715021
348,2023,August,LTFJ,46867,3510,59109,0.7928910994941548,2.9566641495245527,5.938182002740699
349,2024,January,LIRF,38125,3493,110976,0.34354274798154577,3.554848160197074,3.1475273933102654
350,2024,May,EGLL,41982,3490,81430,0.5155593761512954,2.706778551832854,4.2858897212329605
351,2024,February,LEBL,39286,3487,153034,0.25671419423134717,3.702482018185379,2.278578616516591
352,2023,April,LGAV,39918,3484,88468,0.45121399828186465,3.3418502320659593,3.9381471266446626
353,2023,January,LEBL,38045,3477,143412,0.2652846344796807,3.2715090216945444,2.424483306836248
354,2024,June,EGLL,45861,3476,74511,0.6154930144542413,2.875620524184217,4.665083007878032
355,2024,June,ENGM,40581,3469,145928,0.27808919467134463,2.860399318257754,2.3771997149279094
356,2023,July,LTFJ,45214,3462,58225,0.7765392872477458,3.00922921695748,5.945899527694289
357,2024,April,EKCH,44495,3458,139961,0.3179099892112804,3.2033007063891783,2.4706882631590226
358,2023,April,EGLL,46663,3452,89301,0.5225361418125218,3.8593455744852956,3.865578213009933
359,2023,January,EIDW,44231,3450,108698,0.4069164106055312,3.6951422050385805,3.1739314430808294
360,2023,February,EGKK,44393,3441,105961,0.4189560309925349,3.488921321063596,3.247421221015279
361,2024,February,LOWW,23246,3433,99739,0.23306830828462283,4.329033351397357,3.4419835771363254
362,2023,August,LEMD,45518,3412,94418,0.4820902793958779,3.0746160782737633,3.6137177233154696
363,2023,February,LIRF,36547,3401,106607,0.3428198898758995,3.391370272454707,3.190222030448282
364,2024,September,EKCH,41399,3385,152099,0.27218456400107827,2.529904313529937,2.2255241651818882
365,2023,November,LGAV,35931,3352,81277,0.442080785462062,3.853256463381675,4.124167968798061
366,2023,November,EIDW,45031,3349,109276,0.4120849957904753,3.8074518879147603,3.0647168637212197
367,2024,November,EGKK,49018,3340,111010,0.44156382307900194,3.7383790544611464,3.0087379515358976
368,2024,February,LIRF,31165,3329,109242,0.2852840482598266,3.722456331460457,3.0473627359440507
369,2023,February,LOWW,30288,3310,94112,0.3218293097585856,3.7010470903498813,3.5170860251615097
370,2024,June,LPPT,54152,3310,59075,0.9166652560304696,3.0601594388728195,5.603046974185357
371,2024,May,LTAI,40280,3304,70397,0.5721834737275734,3.8925772378936774,4.693381820248023
372,2023,September,LEMD,43346,3272,92446,0.4688791294377259,2.9090962781607708,3.539363520325379
373,2023,August,EKCH,42522,3263,136323,0.3119209524438281,2.5163924724819515,2.3935799534928073
374,2023,October,EGLL,44685,3260,77809,0.5742908917991488,3.2120653181048078,4.1897466874012
375,2023,May,LTAI,55519,3252,67354,0.8242866051014044,3.1736912717916548,4.8282210410666035
376,2024,August,LTFJ,46831,3227,52717,0.8883472124741547,4.257290101352795,6.12136502456513
377,2024,April,EGLL,36137,3208,78982,0.457534628143121,2.8029191871635204,4.0616849408726035
378,2024,May,EKCH,33801,3195,149039,0.22679298707049828,2.6822443849113142,2.1437341903796994
379,2023,August,ENGM,35615,3159,145656,0.24451447245564908,3.0469624910918154,2.1688086999505685
380,2023,September,EKCH,39881,3086,133603,0.29850377611281187,2.5140291665458414,2.3098283721173924
381,2023,March,EKCH,41267,3064,120462,0.34257276153475785,2.881168134351648,2.54354070163205
382,2023,October,EKCH,35331,3021,143429,0.24633093725815539,2.4348541609811374,2.1062686067671113
383,2024,March,EGLL,32402,2971,76398,0.4241210502892748,3.181385722154527,3.88884525772926
384,2024,March,LGAV,26796,2970,87924,0.30476320458577866,3.6500446788570944,3.377917292206906
385,2024,August,EKCH,38222,2960,141236,0.2706250531026084,2.539593526833768,2.0957829448582515
386,2024,January,ENGM,51098,2949,103037,0.49591894173937473,2.986145728446462,2.862078670768753
387,2024,January,EIDW,47943,2922,106624,0.449645483193277,3.6100569259962043,2.7404711884753903
388,2023,February,EIDW,34737,2894,99790,0.34810101212546324,3.66034849021294,2.900090189397735
389,2024,November,EIDW,38736,2888,107100,0.3616806722689073,3.8818839403286596,2.696545284780579
390,2023,November,EGKK,33453,2870,98430,0.33986589454434624,3.4027728331519365,2.9157777100477498
391,2024,November,EGLL,32480,2860,73491,0.4419588793185559,2.9572922565924467,3.8916329890734915
392,2023,March,ENGM,35268,2829,130237,0.2707986209756062,2.4841203095218978,2.1721937698196365
393,2023,November,EGLL,35043,2829,75021,0.46710920942136197,3.1590163535415563,3.77094413564202
394,2023,January,EGLL,43163,2800,81617,0.5288481566340347,3.955629644632093,3.4306578286386413
395,2023,June,LTFJ,34876,2756,57171,0.610029560441483,3.2330970652200084,4.8206258417729275
396,2023,July,LTAI,42347,2732,55080,0.7688271604938273,2.267844136926436,4.9600580973129995
397,2024,September,ENGM,30935,2730,143327,0.2158351182959246,2.773180960030694,1.9047353255143833
398,2023,December,LGAV,28110,2723,79169,0.35506321918932937,3.9015818686786643,3.4394775732925766
399,2023,January,EGKK,31173,2723,99484,0.31334686984841786,3.188831876657174,2.7371235575569943
400,2023,February,EKCH,39393,2714,101048,0.3898444303697253,2.7704538373735934,2.68585226822896
401,2024,December,ENGM,36539,2693,107967,0.33842748247149607,2.9893227370641156,2.4942806598312446
402,2024,October,EKCH,38039,2645,150280,0.25312084109661986,2.777611454224429,1.7600479105669418
403,2024,February,ENGM,31609,2604,108987,0.29002541587528785,2.823918930146666,2.389275785185389
404,2024,September,LTFJ,32058,2601,47838,0.6701367114009781,4.185658459774829,5.437100213219616
405,2024,June,LTAI,49558,2553,43826,1.1307899420435361,2.359778907029721,5.825309177200748
406,2023,October,ENGM,31314,2518,145265,0.21556465769455818,2.9107343204336065,1.7333838157849448
407,2024,December,EKCH,28573,2486,115940,0.24644643781266162,2.7002838922343564,2.1442125237191654
408,2023,January,ENGM,36634,2459,107916,0.3394677341636088,3.0847450205711398,2.278624115052448
409,2023,March,LEPA,38689,2453,70737,0.5469414874817988,2.5721914254523903,3.467774997526047
410,2023,March,LGAV,22839,2422,73219,0.31192723200262257,3.3196703440456994,3.307884565481637
411,2023,May,LTFJ,29253,2379,56610,0.5167461579226285,3.8584763681017877,4.202437731849496
412,2023,November,EKCH,25364,2376,111860,0.22674772036474158,2.5753888112129535,2.124083676023601
413,2024,February,EIDW,28187,2365,101881,0.27666591415474906,3.988402827695113,2.3213356759356505
414,2023,September,ENGM,26213,2362,128214,0.20444725225014435,2.911190530662289,1.8422325175097882
415,2023,May,ENGM,26967,2351,140556,0.191859472381115,3.1169200433204187,1.6726429323543641
416,2024,January,EGKK,30660,2350,88485,0.34649940667909784,3.5713453698311004,2.655817370175736
417,2024,March,EKCH,28098,2346,124338,0.22598079428654153,2.7202941612135896,1.8867924528301885
418,2024,February,EGLL,22578,2345,69377,0.32543926661573724,3.15647316061133,3.380082736353547
419,2023,January,LGAV,24117,2342,71264,0.3384177144140097,4.155380957303834,3.286371800628648
420,2024,January,EKCH,30727,2297,98243,0.312765286076362,2.7791420087570096,2.3380800667732053
421,2024,January,EGLL,27541,2291,68901,0.39971843659743667,3.0349547087474935,3.325060594185861
422,2023,April,LTAI,29529,2274,53363,0.55336094297547,3.283367672910797,4.261379607593277
423,2024,March,ENGM,31425,2252,124355,0.25270395239435484,3.4544203389234305,1.8109444734831732
424,2023,April,ENGM,27329,2249,126599,0.21587058349592023,3.104291189306217,1.7764753276092229
425,2023,February,EGLL,29056,2231,76721,0.3787229050716231,3.527202407471024,2.907939156163241
426,2023,February,ENGM,27041,2229,104550,0.2586417981826878,2.5513217509118964,2.1319942611190816
427,2024,February,LGAV,18551,2214,71094,0.26093622527920796,3.991788762913439,3.1141868512110724
428,2023,November,LTFJ,45617,2210,44863,1.0168067226890785,5.129517015553736,4.926108374384237
429,2023,December,ENGM,32005,2198,64175,0.4987144526684842,3.156156008086387,3.425009738994935
430,2023,November,ENGM,23092,2195,123573,0.18686929992797777,2.559019123936005,1.7762779895284568
431,2024,April,ENGM,31823,2194,138193,0.2302793918650004,3.019406062342675,1.5876346848248464
432,2024,October,ENGM,25616,2187,137717,0.18600463268877482,3.1559818397984403,1.5880392398905
433,2023,February,LGAV,20780,2180,63869,0.32535345785905523,3.536082333882406,3.413236468396249
434,2023,December,LTFJ,40084,2159,50677,0.7909702626438029,4.790204483556828,4.260315330426032
435,2023,October,LTFJ,35365,2159,52139,0.678283051075011,4.357549471401462,4.140854254972286
436,2023,July,LSZH,30194,2153,55522,0.5438204675624078,3.0481870787719227,3.877742156262382
437,2024,January,LGAV,17883,2153,73151,0.244466924580662,3.9289653263262427,2.9432270235540186
438,2024,August,ENGM,22875,2146,116518,0.19632159837964952,2.7175365753693175,1.8417755196621979
439,2024,May,ENGM,24136,2142,143378,0.168338238781403,3.0366700301201064,1.4939530471899456
440,2023,September,LTFJ,23154,2133,55335,0.41843317972350197,3.705517466536072,3.854703171591217
441,2023,January,EKCH,24081,2067,101830,0.23648237258175395,2.7637441209753515,2.0298536776981244
442,2024,November,LTFJ,25488,2060,50014,0.5096173071539964,5.59584263668517,4.118846722917583
443,2024,November,EKCH,26297,1998,121346,0.21671089281888128,2.9493076187175666,1.6465314060620047
444,2024,November,LTAI,21726,1977,47481,0.45757250268528454,3.9019326473910807,4.163770771466481
445,2024,March,LEPA,18867,1973,70686,0.26691282573635516,2.6139326614813814,2.7912174970998502
446,2023,September,LTAI,25853,1954,44591,0.5797806732300237,2.6863413574788493,4.382050189500124
447,2024,December,LTFJ,25769,1950,52513,0.4907165844647988,5.519310841143918,3.713366214080323
448,2024,November,ENGM,25112,1917,117028,0.21458112588440398,2.884603234955255,1.638069521823837
449,2024,April,LTAI,19035,1830,57324,0.3320598702114294,3.859590784023102,3.1923801549089386
450,2024,November,LEPA,22815,1825,60316,0.37825784203196516,2.52025093149314,3.0257311492804564
451,2023,January,LTFJ,24794,1816,48671,0.5094203940745006,4.610889912539261,3.7311746214378174
452,2023,February,LTFJ,27433,1808,39100,0.7016112531969311,3.986230626829062,4.624040920716112
453,2023,December,EKCH,18365,1793,57375,0.32008714596949883,2.2733462071697375,3.125054466230937
454,2023,March,LTFJ,22914,1781,48620,0.4712875359934189,4.44875025724859,3.663101604278075
455,2023,April,LTFJ,23272,1779,48688,0.47798225435425545,4.370960683516681,3.6538777522182055
456,2024,January,LTFJ,27311,1682,45628,0.5985579030419915,4.90139247571378,3.6863329534496363
457,2024,February,EKCH,17409,1664,106046,0.16416460781170428,2.5770265829417998,1.5691303773833998
458,2024,February,LTFJ,23421,1611,46359,0.5052093444638583,5.098837462446113,3.47505338769171
459,2023,April,EGKK,21474,1462,41276,0.5202539005717607,2.9559050652600636,3.5420098846787478
460,2024,December,LEPA,15326,1424,55114,0.27807816525746637,2.7776116454530793,2.583735529992379
461,2023,November,LEPA,14548,1418,53805,0.27038379332775764,2.8480870166151457,2.635442802713502
462,2024,March,LTFJ,18326,1411,44880,0.4083333333333337,5.428269298554811,3.143939393939394
463,2023,February,LEPA,13286,1263,49759,0.2670069736128139,2.1989516664266784,2.5382342892743024
464,2023,December,LEPA,14053,1244,53176,0.26427335640138405,2.50552256182684,2.3394012336392356
465,2024,December,LTAI,16007,1243,33558,0.47699505334048514,4.0904827980977325,3.7040348054115264
466,2023,March,LTAI,12877,1233,34544,0.37277095877721134,3.4559293194419856,3.569360815192219
467,2023,January,LTAI,14712,1166,29529,0.49822208676216584,3.1401007427644476,3.9486606386941654
468,2023,January,LEPA,10574,1097,49963,0.21163661109220808,2.7752989469926805,2.19562476232412
469,2024,February,LEPA,8897,1062,49470,0.1798463715383061,2.7097076792817147,2.146755609460279
470,2023,December,LTAI,10278,1043,32844,0.31293386919985383,3.61055978079497,3.175618073316283
471,2023,February,LTAI,12298,1000,27115,0.45354969574036513,3.2241911338676386,3.6879955744053103
472,2024,January,LTAI,10092,970,30022,0.336153487442542,3.7667960585249345,3.230963959762841
473,2024,January,LEPA,9425,956,47906,0.19673944808583482,3.0226352889863826,1.9955746670563186
474,2024,March,LTAI,10483,942,38913,0.2693958317271863,3.955655005603498,2.420784827692545
475,2023,November,LTAI,10645,865,15963,0.6668546012654265,2.82036064583477,5.418780930902712
476,2024,February,LTAI,8567,826,28441,0.3012200696178056,4.0722519310754635,2.9042579374846174
477,2024,April,LTFJ,5679,128,3706,1.5323799244468415,5.540866205496958,3.453858607663249
478,2024,May,LTFJ,974,95,2873,0.3390184476157324,3.935035552682612,3.306648103028193
