,APT_ICAO,YEAR,MONTH_NUM,FLT_MEAN,FLT_MEAN_DEP,FLT_MEAN_ARR
0,EDDF,2023,1,958.4193548387096,479.96774193548384,478.4516129032258
1,EDDF,2023,2,970.5357142857143,485.35714285714283,485.17857142857144
2,EDDF,2023,3,1036.1290322580646,518.0967741935484,518.0322580645161
3,EDDF,2023,4,1183.4333333333334,591.3333333333334,592.1
4,EDDF,2023,5,1202.1935483870968,600.9354838709677,601.258064516129
5,EDDF,2023,6,1296.0,648.1,647.9
6,EDDF,2023,7,1310.4193548387098,655.2903225806451,655.1290322580645
7,EDDF,2023,8,1287.0645161290322,643.483870967742,643.5806451612904
8,EDDF,2023,9,1322.0333333333333,660.9333333333333,661.1
9,EDDF,2023,10,1313.1612903225807,656.0645161290323,657.0967741935484
10,EDDF,2023,11,1177.0666666666666,588.8,588.2666666666667
11,EDDF,2023,12,1081.5806451612902,539.8064516129032,541.7741935483871
12,EDDF,2024,1,1002.1935483870968,502.258064516129,499.93548387096774
13,EDDF,2024,2,1040.344827586207,520.0,520.3448275862069
14,EDDF,2024,3,1095.9032258064517,547.741935483871,548.1612903225806
15,EDDF,2024,4,1251.6666666666667,625.8666666666667,625.8
16,EDDF,2024,5,1288.9032258064517,644.3225806451613,644.5806451612904
17,EDDF,2024,6,1315.8333333333333,657.9,657.9333333333333
18,EDDF,2024,7,1307.032258064516,653.5483870967741,653.483870967742
19,EDDF,2024,8,1302.0645161290322,650.8709677419355,651.1935483870968
20,EDDF,2024,9,1326.5,663.1666666666666,663.3333333333334
21,EDDF,2024,10,1284.741935483871,642.4193548387096,642.3225806451613
22,EDDF,2024,11,1160.9,580.5333333333333,580.3666666666667
23,EDDF,2024,12,1074.4193548387098,536.0322580645161,538.3870967741935
24,EDDM,2023,1,650.9354838709677,325.80645161290323,325.1290322580645
25,EDDM,2023,2,697.9285714285714,349.07142857142856,348.85714285714283
26,EDDM,2023,3,703.0645161290323,351.741935483871,351.3225806451613
27,EDDM,2023,4,827.6,413.9,413.7
28,EDDM,2023,5,862.9354838709677,431.16129032258067,431.7741935483871
29,EDDM,2023,6,906.9666666666667,453.4,453.56666666666666
30,EDDM,2023,7,899.7096774193549,449.5806451612903,450.1290322580645
31,EDDM,2023,8,903.5483870967741,451.83870967741933,451.7096774193548
32,EDDM,2023,9,971.2,485.3333333333333,485.8666666666667
33,EDDM,2023,10,952.1935483870968,476.5483870967742,475.64516129032256
34,EDDM,2023,11,827.7666666666667,413.46666666666664,414.3
35,EDDM,2023,12,647.7096774193549,323.741935483871,323.96774193548384
36,EDDM,2024,1,695.1935483870968,347.93548387096774,347.258064516129
37,EDDM,2024,2,760.2758620689655,380.37931034482756,379.8965517241379
38,EDDM,2024,3,774.3225806451613,387.16129032258067,387.16129032258067
39,EDDM,2024,4,922.7333333333333,461.03333333333336,461.7
40,EDDM,2024,5,966.6451612903226,483.6774193548387,482.96774193548384
41,EDDM,2024,6,979.1666666666666,489.43333333333334,489.73333333333335
42,EDDM,2024,7,963.741935483871,481.741935483871,482.0
43,EDDM,2024,8,983.9677419354839,491.80645161290323,492.16129032258067
44,EDDM,2024,9,1007.9,504.0,503.9
45,EDDM,2024,10,969.6451612903226,484.96774193548384,484.6774193548387
46,EDDM,2024,11,843.6,421.8,421.8
47,EDDM,2024,12,772.1290322580645,385.35483870967744,386.7741935483871
48,EGKK,2023,1,501.19354838709677,250.38709677419354,250.80645161290323
49,EGKK,2023,2,577.2857142857143,288.67857142857144,288.60714285714283
50,EGKK,2023,3,609.4516129032259,304.93548387096774,304.51612903225805
51,EGKK,2023,4,699.0,349.53333333333336,349.46666666666664
52,EGKK,2023,5,754.7741935483871,377.4516129032258,377.3225806451613
53,EGKK,2023,6,810.3,405.2,405.1
54,EGKK,2023,7,847.7096774193549,424.06451612903226,423.64516129032256
55,EGKK,2023,8,838.9677419354839,419.3225806451613,419.64516129032256
56,EGKK,2023,9,831.2333333333333,415.5,415.73333333333335
57,EGKK,2023,10,771.5806451612904,385.7096774193548,385.8709677419355
58,EGKK,2023,11,555.3333333333334,277.6333333333333,277.7
59,EGKK,2023,12,640.7096774193549,320.1290322580645,320.5806451612903
60,EGKK,2024,1,512.0967741935484,255.8709677419355,256.2258064516129
61,EGKK,2024,2,608.7586206896551,304.41379310344826,304.3448275862069
62,EGKK,2024,3,646.0967741935484,323.0,323.0967741935484
63,EGKK,2024,4,732.2666666666667,366.2,366.06666666666666
64,EGKK,2024,5,784.6774193548387,392.258064516129,392.4193548387097
65,EGKK,2024,6,829.3,414.6333333333333,414.6666666666667
66,EGKK,2024,7,851.516129032258,425.93548387096774,425.5806451612903
67,EGKK,2024,8,860.4193548387096,430.258064516129,430.16129032258067
68,EGKK,2024,9,854.6333333333333,427.1666666666667,427.46666666666664
69,EGKK,2024,10,794.4193548387096,396.80645161290323,397.61290322580646
70,EGKK,2024,11,572.4,286.4,286.0
71,EGKK,2024,12,650.2258064516129,325.06451612903226,325.16129032258067
72,EGLL,2023,1,1134.6774193548388,567.1935483870968,567.483870967742
73,EGLL,2023,2,1168.2857142857142,584.2857142857143,584.0
74,EGLL,2023,3,1189.8064516129032,594.6774193548387,595.1290322580645
75,EGLL,2023,4,1248.2666666666667,623.9666666666667,624.3
76,EGLL,2023,5,1280.0967741935483,639.9354838709677,640.1612903225806
77,EGLL,2023,6,1279.4666666666667,639.4333333333333,640.0333333333333
78,EGLL,2023,7,1310.3870967741937,654.8709677419355,655.516129032258
79,EGLL,2023,8,1294.516129032258,646.9677419354839,647.5483870967741
80,EGLL,2023,9,1314.2333333333333,657.1666666666666,657.0666666666667
81,EGLL,2023,10,1304.774193548387,652.2903225806451,652.483870967742
82,EGLL,2023,11,1260.5666666666666,630.2,630.3666666666667
83,EGLL,2023,12,1226.0967741935483,612.9354838709677,613.1612903225806
84,EGLL,2024,1,1201.1935483870968,600.483870967742,600.7096774193549
85,EGLL,2024,2,1257.5862068965516,628.6896551724138,628.8965517241379
86,EGLL,2024,3,1283.225806451613,641.7096774193549,641.516129032258
87,EGLL,2024,4,1311.0,655.2333333333333,655.7666666666667
88,EGLL,2024,5,1332.9354838709678,666.483870967742,666.4516129032259
89,EGLL,2024,6,1335.1666666666667,667.4666666666667,667.7
90,EGLL,2024,7,1346.6129032258063,673.0322580645161,673.5806451612904
91,EGLL,2024,8,1348.0645161290322,674.1290322580645,673.9354838709677
92,EGLL,2024,9,1339.1666666666667,669.3333333333334,669.8333333333334
93,EGLL,2024,10,1327.5806451612902,663.8709677419355,663.7096774193549
94,EGLL,2024,11,1275.7333333333333,637.9666666666667,637.7666666666667
95,EGLL,2024,12,1259.0,629.4193548387096,629.5806451612904
96,EHAM,2023,1,1001.483870967742,500.7096774193548,500.7741935483871
97,EHAM,2023,2,1050.5,525.25,525.25
98,EHAM,2023,3,1117.1612903225807,558.6451612903226,558.516129032258
99,EHAM,2023,4,1258.2333333333333,628.8666666666667,629.3666666666667
100,EHAM,2023,5,1331.8064516129032,665.741935483871,666.0645161290323
101,EHAM,2023,6,1355.4,678.0333333333333,677.3666666666667
102,EHAM,2023,7,1371.1935483870968,685.7741935483871,685.4193548387096
103,EHAM,2023,8,1381.774193548387,690.6774193548387,691.0967741935484
104,EHAM,2023,9,1396.5,698.2333333333333,698.2666666666667
105,EHAM,2023,10,1383.9354838709678,692.0645161290323,691.8709677419355
106,EHAM,2023,11,1216.8666666666666,607.5666666666667,609.3
107,EHAM,2023,12,1185.516129032258,593.7096774193549,591.8064516129032
108,EHAM,2024,1,1160.0967741935483,579.9354838709677,580.1612903225806
109,EHAM,2024,2,1247.3103448275863,624.4137931034483,622.8965517241379
110,EHAM,2024,3,1270.6451612903227,635.3548387096774,635.2903225806451
111,EHAM,2024,4,1343.5,671.5,672.0
112,EHAM,2024,5,1404.258064516129,702.4193548387096,701.8387096774194
113,EHAM,2024,6,1415.0333333333333,707.2666666666667,707.7666666666667
114,EHAM,2024,7,1415.0967741935483,707.8387096774194,707.258064516129
115,EHAM,2024,8,1433.967741935484,717.0322580645161,716.9354838709677
116,EHAM,2024,9,1438.5333333333333,719.0,719.5333333333333
117,EHAM,2024,10,1397.4193548387098,698.8709677419355,698.5483870967741
118,EHAM,2024,11,1262.7666666666667,631.4666666666667,631.3
119,EHAM,2024,12,1244.4516129032259,622.3225806451613,622.1290322580645
120,EIDW,2023,1,545.1612903225806,272.6774193548387,272.48387096774195
121,EIDW,2023,2,558.7142857142857,279.10714285714283,279.60714285714283
122,EIDW,2023,3,598.1290322580645,299.4516129032258,298.6774193548387
123,EIDW,2023,4,672.2,336.03333333333336,336.1666666666667
124,EIDW,2023,5,712.483870967742,356.16129032258067,356.3225806451613
125,EIDW,2023,6,730.0666666666667,365.06666666666666,365.0
126,EIDW,2023,7,739.9677419354839,370.06451612903226,369.9032258064516
127,EIDW,2023,8,737.258064516129,368.5806451612903,368.6774193548387
128,EIDW,2023,9,747.4666666666667,373.6666666666667,373.8
129,EIDW,2023,10,716.6774193548387,358.258064516129,358.4193548387097
130,EIDW,2023,11,572.9,286.3666666666667,286.53333333333336
131,EIDW,2023,12,594.3666666666667,297.06666666666666,297.3
132,EIDW,2024,1,540.7096774193549,270.0967741935484,270.61290322580646
133,EIDW,2024,2,557.9310344827586,279.0,278.9310344827586
134,EIDW,2024,3,621.0645161290323,310.741935483871,310.3225806451613
135,EIDW,2024,4,688.3666666666667,344.1,344.26666666666665
136,EIDW,2024,5,742.1290322580645,370.96774193548384,371.16129032258067
137,EIDW,2024,6,749.0,374.5,374.5
138,EIDW,2024,7,751.0645161290323,375.6774193548387,375.38709677419354
139,EIDW,2024,8,764.8709677419355,382.4516129032258,382.4193548387097
140,EIDW,2024,9,758.6666666666666,379.1666666666667,379.5
141,EIDW,2024,10,692.258064516129,345.96774193548384,346.2903225806452
142,EIDW,2024,11,571.6666666666666,286.0,285.6666666666667
143,EIDW,2024,12,571.6666666666666,285.76666666666665,285.9
144,EKCH,2023,1,497.38709677419354,248.93548387096774,248.4516129032258
145,EKCH,2023,2,538.25,268.92857142857144,269.32142857142856
146,EKCH,2023,3,583.516129032258,291.4516129032258,292.06451612903226
147,EKCH,2023,4,626.4,313.23333333333335,313.1666666666667
148,EKCH,2023,5,665.6451612903226,332.6774193548387,332.96774193548384
149,EKCH,2023,6,689.0666666666667,344.1,344.96666666666664
150,EKCH,2023,7,673.6774193548387,336.80645161290323,336.8709677419355
151,EKCH,2023,8,678.1612903225806,339.2258064516129,338.93548387096774
152,EKCH,2023,9,710.1666666666666,354.8333333333333,355.3333333333333
153,EKCH,2023,10,695.9032258064516,347.93548387096774,347.96774193548384
154,EKCH,2023,11,576.6666666666666,288.46666666666664,288.2
155,EKCH,2023,12,534.516129032258,266.80645161290323,267.7096774193548
156,EKCH,2024,1,501.2903225806452,250.8709677419355,250.41935483870967
157,EKCH,2024,2,558.3103448275862,279.2413793103448,279.0689655172414
158,EKCH,2024,3,589.1935483870968,294.19354838709677,295.0
159,EKCH,2024,4,688.9666666666667,344.6,344.3666666666667
160,EKCH,2024,5,719.9354838709677,359.80645161290323,360.1290322580645
161,EKCH,2024,6,747.5,373.56666666666666,373.93333333333334
162,EKCH,2024,7,736.741935483871,368.258064516129,368.48387096774195
163,EKCH,2024,8,726.9677419354839,363.4193548387097,363.5483870967742
164,EKCH,2024,9,746.2333333333333,373.3,372.93333333333334
165,EKCH,2024,10,716.0645161290323,358.0,358.06451612903226
166,EKCH,2024,11,601.3333333333334,300.46666666666664,300.8666666666667
167,EKCH,2024,12,557.0322580645161,278.4193548387097,278.61290322580646
168,ENGM,2023,1,495.0,247.90322580645162,247.09677419354838
169,ENGM,2023,2,519.5714285714286,259.75,259.82142857142856
170,ENGM,2023,3,578.0645161290323,289.03225806451616,289.03225806451616
171,ENGM,2023,4,578.7666666666667,289.26666666666665,289.5
172,ENGM,2023,5,621.6451612903226,310.6774193548387,310.96774193548384
173,ENGM,2023,6,674.7,337.5,337.2
174,ENGM,2023,7,626.6451612903226,313.2258064516129,313.4193548387097
175,ENGM,2023,8,647.0,323.741935483871,323.258064516129
176,ENGM,2023,9,673.8,336.8,337.0
177,ENGM,2023,10,644.516129032258,322.5806451612903,321.93548387096774
178,ENGM,2023,11,561.3,280.6,280.7
179,ENGM,2023,12,477.06451612903226,238.16129032258064,238.90322580645162
180,ENGM,2024,1,467.7741935483871,233.96774193548387,233.80645161290323
181,ENGM,2024,2,523.1034482758621,261.7241379310345,261.37931034482756
182,ENGM,2024,3,547.3548387096774,273.5483870967742,273.80645161290323
183,ENGM,2024,4,635.1666666666666,317.6666666666667,317.5
184,ENGM,2024,5,639.0322580645161,319.5806451612903,319.4516129032258
185,ENGM,2024,6,678.8,339.3333333333333,339.46666666666664
186,ENGM,2024,7,636.5806451612904,318.16129032258067,318.4193548387097
187,ENGM,2024,8,648.3870967741935,324.258064516129,324.1290322580645
188,ENGM,2024,9,690.3666666666667,345.3333333333333,345.03333333333336
189,ENGM,2024,10,648.8709677419355,324.48387096774195,324.38709677419354
190,ENGM,2024,11,570.6666666666666,285.26666666666665,285.4
191,ENGM,2024,12,511.1290322580645,255.16129032258064,255.96774193548387
192,LEBL,2023,1,675.1612903225806,337.51612903225805,337.64516129032256
193,LEBL,2023,2,741.75,370.5357142857143,371.2142857142857
194,LEBL,2023,3,779.9677419354839,390.38709677419354,389.5806451612903
195,LEBL,2023,4,896.3,447.96666666666664,448.3333333333333
196,LEBL,2023,5,926.3548387096774,463.2903225806452,463.06451612903226
197,LEBL,2023,6,942.2,470.8,471.4
198,LEBL,2023,7,988.8064516129032,494.35483870967744,494.4516129032258
199,LEBL,2023,8,962.9032258064516,481.5483870967742,481.35483870967744
200,LEBL,2023,9,948.6,474.3,474.3
201,LEBL,2023,10,937.741935483871,469.06451612903226,468.6774193548387
202,LEBL,2023,11,839.0333333333333,419.46666666666664,419.56666666666666
203,LEBL,2023,12,839.516129032258,419.7096774193548,419.80645161290323
204,LEBL,2024,1,761.6774193548387,380.741935483871,380.93548387096774
205,LEBL,2024,2,813.2758620689655,406.7931034482759,406.48275862068965
206,LEBL,2024,3,871.4193548387096,435.64516129032256,435.7741935483871
207,LEBL,2024,4,993.8,496.96666666666664,496.8333333333333
208,LEBL,2024,5,1019.483870967742,509.4516129032258,510.03225806451616
209,LEBL,2024,6,1045.3333333333333,522.8,522.5333333333333
210,LEBL,2024,7,1057.0967741935483,528.5483870967741,528.5483870967741
211,LEBL,2024,8,1036.0967741935483,517.8709677419355,518.2258064516129
212,LEBL,2024,9,1056.3333333333333,528.0333333333333,528.3
213,LEBL,2024,10,1016.5806451612904,508.35483870967744,508.2258064516129
214,LEBL,2024,11,867.9,433.93333333333334,433.96666666666664
215,LEBL,2024,12,866.8709677419355,433.35483870967744,433.51612903225805
216,LEMD,2023,1,978.741935483871,489.64516129032256,489.0967741935484
217,LEMD,2023,2,995.9285714285714,498.10714285714283,497.82142857142856
218,LEMD,2023,3,1010.483870967742,505.2258064516129,505.258064516129
219,LEMD,2023,4,1054.1,527.0333333333333,527.0666666666667
220,LEMD,2023,5,1076.0,538.0,538.0
221,LEMD,2023,6,1087.6666666666667,544.1,543.5666666666667
222,LEMD,2023,7,1111.8709677419354,556.1612903225806,555.7096774193549
223,LEMD,2023,8,1090.6774193548388,545.3225806451613,545.3548387096774
224,LEMD,2023,9,1130.0333333333333,565.0,565.0333333333333
225,LEMD,2023,10,1114.8709677419354,557.3870967741935,557.483870967742
226,LEMD,2023,11,1066.3,533.0333333333333,533.2666666666667
227,LEMD,2023,12,1074.9354838709678,536.9354838709677,538.0
228,LEMD,2024,1,1020.1935483870968,510.5483870967742,509.64516129032256
229,LEMD,2024,2,1066.8620689655172,533.4827586206897,533.3793103448276
230,LEMD,2024,3,1105.4516129032259,552.5483870967741,552.9032258064516
231,LEMD,2024,4,1157.9666666666667,579.2,578.7666666666667
232,LEMD,2024,5,1173.0967741935483,586.1290322580645,586.9677419354839
233,LEMD,2024,6,1211.6,606.1666666666666,605.4333333333333
234,LEMD,2024,7,1218.9032258064517,609.258064516129,609.6451612903226
235,LEMD,2024,8,1181.3548387096773,590.3870967741935,590.9677419354839
236,LEMD,2024,9,1215.8,607.5666666666667,608.2333333333333
237,LEMD,2024,10,1142.0645161290322,571.0322580645161,571.0322580645161
238,LEMD,2024,11,1139.6666666666667,569.4333333333333,570.2333333333333
239,LEMD,2024,12,1147.032258064516,573.3548387096774,573.6774193548387
240,LEPA,2023,1,267.6774193548387,134.06451612903226,133.61290322580646
241,LEPA,2023,2,295.82142857142856,147.89285714285714,147.92857142857142
242,LEPA,2023,3,376.51612903225805,187.7741935483871,188.74193548387098
243,LEPA,2023,4,684.2,341.6666666666667,342.53333333333336
244,LEPA,2023,5,783.483870967742,392.03225806451616,391.4516129032258
245,LEPA,2023,6,874.5,437.2,437.3
246,LEPA,2023,7,960.9677419354839,480.61290322580646,480.35483870967744
247,LEPA,2023,8,940.0967741935484,469.9032258064516,470.19354838709677
248,LEPA,2023,9,881.2333333333333,440.43333333333334,440.8
249,LEPA,2023,10,779.0967741935484,390.0,389.0967741935484
250,LEPA,2023,11,325.0,162.7,162.3
251,LEPA,2023,12,298.83870967741933,149.2258064516129,149.61290322580646
252,LEPA,2024,1,276.4193548387097,138.41935483870967,138.0
253,LEPA,2024,2,308.86206896551727,154.31034482758622,154.55172413793105
254,LEPA,2024,3,398.93548387096774,198.8709677419355,200.06451612903226
255,LEPA,2024,4,710.8,355.73333333333335,355.06666666666666
256,LEPA,2024,5,871.0322580645161,435.0967741935484,435.93548387096774
257,LEPA,2024,6,945.7,473.1666666666667,472.53333333333336
258,LEPA,2024,7,1004.0322580645161,502.0967741935484,501.93548387096774
259,LEPA,2024,8,993.9354838709677,496.7741935483871,497.16129032258067
260,LEPA,2024,9,934.6,467.6666666666667,466.93333333333334
261,LEPA,2024,10,815.6774193548387,407.741935483871,407.93548387096774
262,LEPA,2024,11,353.56666666666666,177.2,176.36666666666667
263,LEPA,2024,12,305.51612903225805,152.41935483870967,153.09677419354838
264,LFPG,2023,1,1084.3548387096773,542.1290322580645,542.2258064516129
265,LFPG,2023,2,1114.5357142857142,557.4285714285714,557.1071428571429
266,LFPG,2023,3,1135.4193548387098,567.6774193548387,567.741935483871
267,LFPG,2023,4,1246.1,623.4333333333333,622.6666666666666
268,LFPG,2023,5,1297.2903225806451,648.483870967742,648.8064516129032
269,LFPG,2023,6,1335.8666666666666,668.1333333333333,667.7333333333333
270,LFPG,2023,7,1340.6129032258063,670.0322580645161,670.5806451612904
271,LFPG,2023,8,1351.5483870967741,675.7741935483871,675.7741935483871
272,LFPG,2023,9,1337.8333333333333,669.4333333333333,668.4
273,LFPG,2023,10,1312.967741935484,656.3548387096774,656.6129032258065
274,LFPG,2023,11,1195.0333333333333,597.6,597.4333333333333
275,LFPG,2023,12,1203.4193548387098,601.5806451612904,601.8387096774194
276,LFPG,2024,1,1031.5806451612902,515.4516129032259,516.1290322580645
277,LFPG,2024,2,1096.896551724138,548.7241379310345,548.1724137931035
278,LFPG,2024,3,1178.258064516129,589.6451612903226,588.6129032258065
279,LFPG,2024,4,1275.7666666666667,637.5666666666667,638.2
280,LFPG,2024,5,1331.516129032258,665.9677419354839,665.5483870967741
281,LFPG,2024,6,1384.9333333333334,692.9666666666667,691.9666666666667
282,LFPG,2024,7,1405.6451612903227,702.258064516129,703.3870967741935
283,LFPG,2024,8,1432.5806451612902,716.7096774193549,715.8709677419355
284,LFPG,2024,9,1387.9,693.9333333333333,693.9666666666667
285,LFPG,2024,10,1344.1935483870968,672.0967741935484,672.0967741935484
286,LFPG,2024,11,1183.7,592.2,591.5
287,LFPG,2024,12,1243.6774193548388,621.5806451612904,622.0967741935484
288,LGAV,2023,1,441.8709677419355,221.1290322580645,220.74193548387098
289,LGAV,2023,2,441.2142857142857,220.57142857142858,220.64285714285714
290,LGAV,2023,3,471.80645161290323,235.70967741935485,236.09677419354838
291,LGAV,2023,4,598.4,299.3,299.1
292,LGAV,2023,5,681.0645161290323,340.4516129032258,340.61290322580646
293,LGAV,2023,6,804.8333333333334,401.96666666666664,402.8666666666667
294,LGAV,2023,7,868.7741935483871,434.61290322580646,434.16129032258067
295,LGAV,2023,8,862.2903225806451,430.93548387096774,431.35483870967744
296,LGAV,2023,9,803.8666666666667,402.1666666666667,401.7
297,LGAV,2023,10,718.741935483871,359.19354838709677,359.5483870967742
298,LGAV,2023,11,545.8666666666667,272.96666666666664,272.9
299,LGAV,2023,12,523.0967741935484,261.258064516129,261.83870967741933
300,LGAV,2024,1,480.8709677419355,240.67741935483872,240.19354838709677
301,LGAV,2024,2,491.44827586206895,245.6206896551724,245.82758620689654
302,LGAV,2024,3,541.3548387096774,270.5806451612903,270.7741935483871
303,LGAV,2024,4,695.8,347.8666666666667,347.93333333333334
304,LGAV,2024,5,787.1935483870968,393.38709677419354,393.80645161290323
305,LGAV,2024,6,900.9,450.06666666666666,450.8333333333333
306,LGAV,2024,7,957.0322580645161,477.7741935483871,479.258064516129
307,LGAV,2024,8,949.3870967741935,474.0,475.38709677419354
308,LGAV,2024,9,888.4666666666667,443.5,444.96666666666664
309,LGAV,2024,10,768.258064516129,384.258064516129,384.0
310,LGAV,2024,11,600.3333333333334,299.96666666666664,300.3666666666667
311,LGAV,2024,12,588.4516129032259,294.19354838709677,294.258064516129
312,LIRF,2023,1,545.9677419354839,273.03225806451616,272.93548387096774
313,LIRF,2023,2,565.9285714285714,282.92857142857144,283.0
314,LIRF,2023,3,601.0322580645161,300.48387096774195,300.5483870967742
315,LIRF,2023,4,710.9,355.46666666666664,355.43333333333334
316,LIRF,2023,5,739.7096774193549,370.06451612903226,369.64516129032256
317,LIRF,2023,6,816.2,408.1333333333333,408.06666666666666
318,LIRF,2023,7,831.8387096774194,415.741935483871,416.0967741935484
319,LIRF,2023,8,840.741935483871,420.35483870967744,420.38709677419354
320,LIRF,2023,9,839.4666666666667,419.6333333333333,419.8333333333333
321,LIRF,2023,10,820.741935483871,410.3225806451613,410.4193548387097
322,LIRF,2023,11,721.4666666666667,360.8,360.6666666666667
323,LIRF,2023,12,717.483870967742,358.61290322580646,358.8709677419355
324,LIRF,2024,1,677.0645161290323,338.6774193548387,338.38709677419354
325,LIRF,2024,2,684.3793103448276,342.3103448275862,342.0689655172414
326,LIRF,2024,3,739.1935483870968,369.258064516129,369.93548387096774
327,LIRF,2024,4,892.4666666666667,446.3,446.1666666666667
328,LIRF,2024,5,923.5806451612904,461.7741935483871,461.80645161290323
329,LIRF,2024,6,983.0666666666667,491.6333333333333,491.43333333333334
330,LIRF,2024,7,1002.0967741935484,501.03225806451616,501.06451612903226
331,LIRF,2024,8,1005.3870967741935,502.6774193548387,502.7096774193548
332,LIRF,2024,9,977.2,488.6333333333333,488.56666666666666
333,LIRF,2024,10,909.3225806451613,454.64516129032256,454.6774193548387
334,LIRF,2024,11,772.4666666666667,386.1,386.3666666666667
335,LIRF,2024,12,777.0645161290323,388.4193548387097,388.64516129032256
336,LOWW,2023,1,497.7741935483871,248.90322580645162,248.8709677419355
337,LOWW,2023,2,495.35714285714283,247.64285714285714,247.71428571428572
338,LOWW,2023,3,556.4516129032259,278.35483870967744,278.0967741935484
339,LOWW,2023,4,658.3333333333334,329.1,329.23333333333335
340,LOWW,2023,5,701.6774193548387,350.48387096774195,351.19354838709677
341,LOWW,2023,6,739.5333333333333,369.6666666666667,369.8666666666667
342,LOWW,2023,7,746.8064516129032,373.48387096774195,373.3225806451613
343,LOWW,2023,8,732.0967741935484,366.03225806451616,366.06451612903226
344,LOWW,2023,9,737.7666666666667,368.6666666666667,369.1
345,LOWW,2023,10,701.8387096774194,351.03225806451616,350.80645161290323
346,LOWW,2023,11,588.3333333333334,294.1666666666667,294.1666666666667
347,LOWW,2023,12,569.5483870967741,284.258064516129,285.2903225806452
348,LOWW,2024,1,518.8064516129032,259.48387096774195,259.3225806451613
349,LOWW,2024,2,532.551724137931,266.3448275862069,266.2068965517241
350,LOWW,2024,3,570.2258064516129,285.16129032258067,285.06451612903226
351,LOWW,2024,4,693.7666666666667,346.76666666666665,347.0
352,LOWW,2024,5,741.2258064516129,370.3225806451613,370.9032258064516
353,LOWW,2024,6,781.1666666666666,390.6333333333333,390.53333333333336
354,LOWW,2024,7,776.9677419354839,388.3225806451613,388.64516129032256
355,LOWW,2024,8,770.0967741935484,385.2903225806452,384.80645161290323
356,LOWW,2024,9,778.1333333333333,388.96666666666664,389.1666666666667
357,LOWW,2024,10,745.1935483870968,372.5483870967742,372.64516129032256
358,LOWW,2024,11,615.1666666666666,306.93333333333334,308.23333333333335
359,LOWW,2024,12,606.9032258064516,303.258064516129,303.64516129032256
360,LPPT,2023,1,549.1290322580645,274.51612903225805,274.61290322580646
361,LPPT,2023,2,564.7142857142857,282.35714285714283,282.35714285714283
362,LPPT,2023,3,582.9354838709677,291.7096774193548,291.2258064516129
363,LPPT,2023,4,621.0333333333333,310.56666666666666,310.46666666666664
364,LPPT,2023,5,626.2903225806451,313.0967741935484,313.19354838709677
365,LPPT,2023,6,658.2666666666667,329.3,328.96666666666664
366,LPPT,2023,7,673.0967741935484,336.3225806451613,336.7741935483871
367,LPPT,2023,8,676.6451612903226,338.7741935483871,337.8709677419355
368,LPPT,2023,9,673.2,336.6666666666667,336.53333333333336
369,LPPT,2023,10,657.3225806451613,328.5483870967742,328.7741935483871
370,LPPT,2023,11,582.3,291.1666666666667,291.1333333333333
371,LPPT,2023,12,586.3870967741935,293.16129032258067,293.2258064516129
372,LPPT,2024,1,533.6129032258065,266.93548387096774,266.6774193548387
373,LPPT,2024,2,567.9310344827586,283.86206896551727,284.0689655172414
374,LPPT,2024,3,600.9032258064516,300.48387096774195,300.4193548387097
375,LPPT,2024,4,641.9666666666667,321.03333333333336,320.93333333333334
376,LPPT,2024,5,650.1290322580645,325.16129032258067,324.96774193548384
377,LPPT,2024,6,663.3666666666667,331.76666666666665,331.6
378,LPPT,2024,7,675.8387096774194,337.8709677419355,337.96774193548384
379,LPPT,2024,8,678.0322580645161,339.19354838709677,338.83870967741933
380,LPPT,2024,9,679.0333333333333,339.23333333333335,339.8
381,LPPT,2024,10,653.1935483870968,326.7741935483871,326.4193548387097
382,LPPT,2024,11,582.1,291.43333333333334,290.6666666666667
383,LPPT,2024,12,586.6774193548387,293.19354838709677,293.48387096774195
384,LSZH,2023,1,540.6451612903226,270.1290322580645,270.51612903225805
385,LSZH,2023,2,552.4642857142857,276.32142857142856,276.14285714285717
386,LSZH,2023,3,588.9677419354839,294.48387096774195,294.48387096774195
387,LSZH,2023,4,674.4333333333333,337.1666666666667,337.26666666666665
388,LSZH,2023,5,702.0,350.61290322580646,351.38709677419354
389,LSZH,2023,6,733.9,366.7,367.2
390,LSZH,2023,7,749.4193548387096,374.93548387096774,374.48387096774195
391,LSZH,2023,8,734.741935483871,367.0967741935484,367.64516129032256
392,LSZH,2023,9,759.1666666666666,379.53333333333336,379.6333333333333
393,LSZH,2023,10,742.6451612903226,371.16129032258067,371.48387096774195
394,LSZH,2023,11,601.0666666666667,300.6666666666667,300.4
395,LSZH,2023,12,602.9677419354839,301.741935483871,301.2258064516129
396,LSZH,2024,1,585.9032258064516,292.5806451612903,293.3225806451613
397,LSZH,2024,2,601.8965517241379,301.0344827586207,300.86206896551727
398,LSZH,2024,3,637.9354838709677,319.0967741935484,318.83870967741933
399,LSZH,2024,4,722.0666666666667,360.73333333333335,361.3333333333333
400,LSZH,2024,5,757.483870967742,378.5483870967742,378.93548387096774
401,LSZH,2024,6,779.3666666666667,389.73333333333335,389.6333333333333
402,LSZH,2024,7,782.0322580645161,390.9032258064516,391.1290322580645
403,LSZH,2024,8,769.1290322580645,384.5483870967742,384.5806451612903
404,LSZH,2024,9,786.8666666666667,393.06666666666666,393.8
405,LSZH,2024,10,763.4193548387096,381.7741935483871,381.64516129032256
406,LSZH,2024,11,634.0333333333333,317.3333333333333,316.7
407,LSZH,2024,12,641.9677419354839,320.51612903225805,321.4516129032258
408,LTAI,2023,1,212.7741935483871,106.25806451612904,106.51612903225806
409,LTAI,2023,2,216.32142857142858,107.85714285714286,108.46428571428571
410,LTAI,2023,3,244.48387096774192,122.51612903225806,121.96774193548387
411,LTAI,2023,4,512.4666666666667,255.86666666666667,256.6
412,LTAI,2023,5,677.0,338.4193548387097,338.5806451612903
413,LTAI,2023,6,913.3,456.56666666666666,456.73333333333335
414,LTAI,2023,7,1027.6451612903227,513.7096774193549,513.9354838709677
415,LTAI,2023,8,1032.1935483870968,516.2258064516129,515.9677419354839
416,LTAI,2023,9,938.1333333333333,468.73333333333335,469.4
417,LTAI,2023,10,812.8387096774194,406.5483870967742,406.2903225806452
418,LTAI,2023,11,340.53333333333336,169.73333333333332,170.8
419,LTAI,2023,12,244.83870967741936,122.45161290322581,122.38709677419355
420,LTAI,2024,1,234.29032258064515,116.96774193548387,117.3225806451613
421,LTAI,2024,2,230.75862068965517,114.86206896551724,115.89655172413794
422,LTAI,2024,3,290.6774193548387,145.80645161290323,144.8709677419355
423,LTAI,2024,4,507.56666666666666,253.83333333333334,253.73333333333332
424,LTAI,2024,5,750.7096774193549,375.6774193548387,375.03225806451616
425,LTAI,2024,6,973.8,486.93333333333334,486.8666666666667
426,LTAI,2024,7,1037.4516129032259,518.7741935483871,518.6774193548387
427,LTAI,2024,8,1036.741935483871,518.2903225806451,518.4516129032259
428,LTAI,2024,9,944.5333333333333,472.53333333333336,472.0
429,LTAI,2024,10,841.1935483870968,420.5806451612903,420.61290322580646
430,LTAI,2024,11,382.7,190.96666666666667,191.73333333333332
431,LTAI,2024,12,239.32258064516128,119.83870967741936,119.48387096774194
432,LTFJ,2023,1,552.8064516129032,276.5806451612903,276.2258064516129
433,LTFJ,2023,2,538.3571428571429,269.0357142857143,269.32142857142856
434,LTFJ,2023,3,549.1612903225806,274.80645161290323,274.35483870967744
435,LTFJ,2023,4,576.6666666666666,288.3,288.3666666666667
436,LTFJ,2023,5,604.0967741935484,302.1290322580645,301.96774193548384
437,LTFJ,2023,6,654.7666666666667,327.8666666666667,326.9
438,LTFJ,2023,7,661.3225806451613,330.4516129032258,330.8709677419355
439,LTFJ,2023,8,672.4516129032259,336.2258064516129,336.2258064516129
440,LTFJ,2023,9,641.5333333333333,320.8,320.73333333333335
441,LTFJ,2023,10,618.7096774193549,308.2258064516129,310.48387096774195
442,LTFJ,2023,11,579.2333333333333,289.8333333333333,289.4
443,LTFJ,2023,12,607.0,303.16129032258067,303.83870967741933
444,LTFJ,2024,1,596.4516129032259,298.2258064516129,298.2258064516129
445,LTFJ,2024,2,619.6551724137931,309.6896551724138,309.9655172413793
446,LTFJ,2024,3,586.2903225806451,293.64516129032256,292.64516129032256
447,LTFJ,2024,4,639.1666666666666,319.7,319.46666666666664
448,LTFJ,2024,5,631.5806451612904,315.6774193548387,315.9032258064516
449,LTFJ,2024,6,678.6,339.3333333333333,339.26666666666665
450,LTFJ,2024,7,668.9354838709677,334.38709677419354,334.5483870967742
451,LTFJ,2024,8,671.741935483871,335.83870967741933,335.9032258064516
452,LTFJ,2024,9,632.8,315.9,316.9
453,LTFJ,2024,10,623.3225806451613,311.4516129032258,311.8709677419355
454,LTFJ,2024,11,650.8333333333334,324.8666666666667,325.96666666666664
455,LTFJ,2024,12,663.8709677419355,331.7741935483871,332.0967741935484
456,LTFM,2023,1,1245.4516129032259,622.4516129032259,623.0
457,LTFM,2023,2,1269.4642857142858,634.5,634.9642857142857
458,LTFM,2023,3,1262.774193548387,631.6451612903226,631.1290322580645
459,LTFM,2023,4,1349.0333333333333,674.6333333333333,674.4
460,LTFM,2023,5,1412.741935483871,706.0322580645161,706.7096774193549
461,LTFM,2023,6,1477.0333333333333,738.5666666666667,738.4666666666667
462,LTFM,2023,7,1488.8709677419354,744.8709677419355,744.0
463,LTFM,2023,8,1517.2903225806451,759.0322580645161,758.258064516129
464,LTFM,2023,9,1485.9666666666667,742.7,743.2666666666667
465,LTFM,2023,10,1390.258064516129,694.6451612903226,695.6129032258065
466,LTFM,2023,11,1295.4333333333334,647.5333333333333,647.9
467,LTFM,2023,12,1304.6129032258063,652.0,652.6129032258065
468,LTFM,2024,1,1308.032258064516,653.9354838709677,654.0967741935484
469,LTFM,2024,2,1305.9310344827586,652.8965517241379,653.0344827586207
470,LTFM,2024,3,1314.1935483870968,657.1290322580645,657.0645161290323
471,LTFM,2024,4,1419.3666666666666,709.7,709.6666666666666
472,LTFM,2024,5,1432.258064516129,716.0967741935484,716.1612903225806
473,LTFM,2024,6,1496.9666666666667,748.7666666666667,748.2
474,LTFM,2024,7,1488.1935483870968,743.5806451612904,744.6129032258065
475,LTFM,2024,8,1500.258064516129,750.2903225806451,749.9677419354839
476,LTFM,2024,9,1480.8,740.1666666666666,740.6333333333333
477,LTFM,2024,10,1364.3548387096773,682.2903225806451,682.0645161290323
478,LTFM,2024,11,1339.1666666666667,669.4333333333333,669.7333333333333
479,LTFM,2024,12,1362.2903225806451,680.6774193548387,681.6129032258065
