,APT_ICAO,APT_NAME,STATE_NAME,YEAR_MONTH,Mean_delayed_flights,Mean_delay_minutes,YEAR,Total_flights,Total_delayed_flights,Delay_rate_flights
0,EDDF,Frankfurt,Germany,2023-01,91.5,2523.5,2023,14832,183.0,1.233818770226537
1,EDDF,Frankfurt,Germany,2023-02,23.0,417.0,2023,13585,161.0,1.1851306588148693
2,EDDF,Frankfurt,Germany,2023-03,58.333333333333336,929.3333333333334,2023,16059,525.0,3.269194844012703
3,EDDF,Frankfurt,Germany,2023-04,48.142857142857146,720.4285714285714,2023,17763,337.0,1.8972020492034003
4,EDDF,Frankfurt,Germany,2023-05,218.5,5208.692307692308,2023,18639,5681.0,30.479102956167175
5,EDDF,Frankfurt,Germany,2023-06,89.35714285714286,2017.142857142857,2023,19437,1251.0,6.43617842259608
6,EDDF,Frankfurt,Germany,2023-07,58.63636363636363,1189.1363636363637,2023,20309,1290.0,6.35186370574622
7,EDDF,Frankfurt,Germany,2023-08,81.08333333333333,1635.0833333333333,2023,19951,973.0,4.876948523883515
8,EDDF,Frankfurt,Germany,2023-09,68.75,1654.75,2023,19833,550.0,2.773155851358846
9,EDDF,Frankfurt,Germany,2023-10,99.9,1900.5,2023,20370,999.0,4.904270986745214
10,EDDF,Frankfurt,Germany,2023-11,51.583333333333336,791.0833333333334,2023,17648,619.0,3.507479601087942
11,EDDF,Frankfurt,Germany,2023-12,81.35714285714286,1372.0,2023,16795,1139.0,6.781780291753497
12,EDDF,Frankfurt,Germany,2024-01,72.28571428571429,1376.142857142857,2024,15498,1012.0,6.529874822557749
13,EDDF,Frankfurt,Germany,2024-02,46.333333333333336,860.3333333333334,2024,15090,139.0,0.9211398277004639
14,EDDF,Frankfurt,Germany,2024-03,75.72727272727273,1549.2727272727273,2024,16993,833.0,4.902018478196904
15,EDDF,Frankfurt,Germany,2024-04,70.36363636363636,892.6363636363636,2024,18774,774.0,4.1227229146692235
16,EDDF,Frankfurt,Germany,2024-05,85.94736842105263,1440.5263157894738,2024,19982,1633.0,8.172355119607646
17,EDDF,Frankfurt,Germany,2024-06,88.5,1655.1666666666667,2024,19738,1062.0,5.380484344918432
18,EDDF,Frankfurt,Germany,2024-07,65.75,1368.3,2024,20258,1315.0,6.491262711027742
19,EDDF,Frankfurt,Germany,2024-08,38.583333333333336,735.5833333333334,2024,20187,463.0,2.2935552583345715
20,EDDF,Frankfurt,Germany,2024-09,102.14285714285714,1831.5714285714287,2024,19900,1430.0,7.185929648241205
21,EDDF,Frankfurt,Germany,2024-10,97.38461538461539,2495.769230769231,2024,19912,1266.0,6.357975090397749
22,EDDF,Frankfurt,Germany,2024-11,113.375,3227.25,2024,17411,1814.0,10.418700821319856
23,EDDF,Frankfurt,Germany,2024-12,96.95,1493.25,2024,16690,1939.0,11.617735170760934
24,EDDM,Munich,Germany,2023-01,12.0,207.0,2023,10079,12.0,0.11905943049905744
25,EDDM,Munich,Germany,2023-02,68.0,1000.25,2023,9768,272.0,2.7846027846027845
26,EDDM,Munich,Germany,2023-03,38.5,680.5,2023,10891,77.0,0.7070057845927831
27,EDDM,Munich,Germany,2023-04,36.0,385.0,2023,12411,72.0,0.580130529369108
28,EDDM,Munich,Germany,2023-05,28.8,510.2,2023,13385,144.0,1.075831154277176
29,EDDM,Munich,Germany,2023-06,24.333333333333332,758.8333333333334,2023,13607,146.0,1.0729771441169986
30,EDDM,Munich,Germany,2023-07,46.18181818181818,1531.4545454545455,2023,13954,508.0,3.64053318045005
31,EDDM,Munich,Germany,2023-08,25.11111111111111,579.6666666666666,2023,14003,226.0,1.613939870027851
32,EDDM,Munich,Germany,2023-09,14.8,122.4,2023,14576,74.0,0.5076838638858397
33,EDDM,Munich,Germany,2023-10,21.625,234.375,2023,14745,173.0,1.1732790776534419
34,EDDM,Munich,Germany,2023-11,64.0,936.0,2023,12429,64.0,0.514924772708987
35,EDDM,Munich,Germany,2023-12,22.428571428571427,843.7142857142857,2023,10043,157.0,1.5632779050084638
36,EDDM,Munich,Germany,2024-01,23.0,201.0,2024,10765,23.0,0.21365536460752438
37,EDDM,Munich,Germany,2024-02,,,2024,11017,0.0,0.0
38,EDDM,Munich,Germany,2024-03,34.0,252.0,2024,12002,34.0,0.28328611898017
39,EDDM,Munich,Germany,2024-04,41.75,576.625,2024,13851,334.0,2.411378239838279
40,EDDM,Munich,Germany,2024-05,45.583333333333336,1168.8333333333333,2024,14972,547.0,3.6534865081485437
41,EDDM,Munich,Germany,2024-06,29.4,903.2666666666667,2024,14692,441.0,3.001633542063708
42,EDDM,Munich,Germany,2024-07,25.53846153846154,913.8461538461538,2024,14942,332.0,2.221924775799759
43,EDDM,Munich,Germany,2024-08,26.642857142857142,584.3571428571429,2024,15257,373.0,2.4447794455004264
44,EDDM,Munich,Germany,2024-09,33.125,565.0,2024,15117,265.0,1.7529933187801814
45,EDDM,Munich,Germany,2024-10,33.583333333333336,289.5,2024,15025,403.0,2.682196339434276
46,EDDM,Munich,Germany,2024-11,27.0,243.85714285714286,2024,12654,189.0,1.4935988620199145
47,EDDM,Munich,Germany,2024-12,27.666666666666668,259.8333333333333,2024,11990,166.0,1.384487072560467
48,EGKK,London - Gatwick,United Kingdom,2023-01,20.714285714285715,290.57142857142856,2023,7775,145.0,1.864951768488746
49,EGKK,London - Gatwick,United Kingdom,2023-02,31.2,759.3,2023,8081,312.0,3.860908303427794
50,EGKK,London - Gatwick,United Kingdom,2023-03,47.416666666666664,1032.9166666666667,2023,9440,569.0,6.027542372881356
51,EGKK,London - Gatwick,United Kingdom,2023-04,30.941176470588236,638.4705882352941,2023,10484,526.0,5.017169019458223
52,EGKK,London - Gatwick,United Kingdom,2023-05,59.035714285714285,1455.9642857142858,2023,11697,1653.0,14.131828674018978
53,EGKK,London - Gatwick,United Kingdom,2023-06,94.83333333333333,2414.1,2023,12153,2845.0,23.409857648317285
54,EGKK,London - Gatwick,United Kingdom,2023-07,122.41935483870968,3352.1935483870966,2023,13133,3795.0,28.896672504378284
55,EGKK,London - Gatwick,United Kingdom,2023-08,73.0,2050.655172413793,2023,13009,2117.0,16.273349219770928
56,EGKK,London - Gatwick,United Kingdom,2023-09,140.63333333333333,4776.966666666666,2023,12472,4219.0,33.827774214239895
57,EGKK,London - Gatwick,United Kingdom,2023-10,74.51724137931035,1888.448275862069,2023,11962,2161.0,18.065540879451596
58,EGKK,London - Gatwick,United Kingdom,2023-11,51.0,984.5454545454545,2023,8331,561.0,6.733885487936623
59,EGKK,London - Gatwick,United Kingdom,2023-12,60.21739130434783,1558.8260869565217,2023,9938,1385.0,13.9364057154357
60,EGKK,London - Gatwick,United Kingdom,2024-01,31.4,924.4,2024,7943,157.0,1.9765831549792268
61,EGKK,London - Gatwick,United Kingdom,2024-02,52.0,1035.4285714285713,2024,8826,728.0,8.248357126671198
62,EGKK,London - Gatwick,United Kingdom,2024-03,51.95652173913044,904.5217391304348,2024,10016,1195.0,11.93091054313099
63,EGKK,London - Gatwick,United Kingdom,2024-04,42.69230769230769,727.3076923076923,2024,10982,555.0,5.053724276088144
64,EGKK,London - Gatwick,United Kingdom,2024-05,44.91304347826087,953.0,2024,12165,1033.0,8.491574188244964
65,EGKK,London - Gatwick,United Kingdom,2024-06,71.96296296296296,1428.5185185185185,2024,12440,1943.0,15.618971061093248
66,EGKK,London - Gatwick,United Kingdom,2024-07,77.93103448275862,1781.4137931034484,2024,13193,2260.0,17.130296369286743
67,EGKK,London - Gatwick,United Kingdom,2024-08,91.65517241379311,1919.3793103448277,2024,13335,2658.0,19.932508436445445
68,EGKK,London - Gatwick,United Kingdom,2024-09,138.2,3608.5333333333333,2024,12824,4146.0,32.330006238303184
69,EGKK,London - Gatwick,United Kingdom,2024-10,103.47826086956522,2980.086956521739,2024,12326,2380.0,19.308778192438748
70,EGKK,London - Gatwick,United Kingdom,2024-11,33.1,876.4,2024,8580,331.0,3.857808857808858
71,EGKK,London - Gatwick,United Kingdom,2024-12,75.6470588235294,4446.294117647059,2024,10080,1286.0,12.757936507936506
72,EGLL,London - Heathrow,United Kingdom,2023-01,98.82352941176471,2291.294117647059,2023,17592,1680.0,9.549795361527966
73,EGLL,London - Heathrow,United Kingdom,2023-02,72.81818181818181,2961.6363636363635,2023,16352,801.0,4.89848336594912
74,EGLL,London - Heathrow,United Kingdom,2023-03,100.5,2204.625,2023,18449,1608.0,8.715919562035882
75,EGLL,London - Heathrow,United Kingdom,2023-04,68.57142857142857,1415.2857142857142,2023,18729,480.0,2.562870414864648
76,EGLL,London - Heathrow,United Kingdom,2023-05,67.21428571428571,1286.142857142857,2023,19845,941.0,4.7417485512723605
77,EGLL,London - Heathrow,United Kingdom,2023-06,56.214285714285715,1256.642857142857,2023,19201,787.0,4.098744857038696
78,EGLL,London - Heathrow,United Kingdom,2023-07,62.84615384615385,925.1538461538462,2023,20321,817.0,4.020471433492447
79,EGLL,London - Heathrow,United Kingdom,2023-08,57.36363636363637,1059.7272727272727,2023,20074,631.0,3.1433695327289035
80,EGLL,London - Heathrow,United Kingdom,2023-09,96.61904761904762,1803.7619047619048,2023,19712,2029.0,10.293222402597403
81,EGLL,London - Heathrow,United Kingdom,2023-10,128.26315789473685,2394.315789473684,2023,20227,2437.0,12.048252335986552
82,EGLL,London - Heathrow,United Kingdom,2023-11,93.05,1737.9,2023,18911,1861.0,9.840833377399397
83,EGLL,London - Heathrow,United Kingdom,2023-12,171.6153846153846,3093.076923076923,2023,19008,4462.0,23.474326599326602
84,EGLL,London - Heathrow,United Kingdom,2024-01,132.16666666666666,2117.0,2024,18622,1586.0,8.516808076468694
85,EGLL,London - Heathrow,United Kingdom,2024-02,157.41666666666666,2365.3333333333335,2024,18238,3778.0,20.7149906788025
86,EGLL,London - Heathrow,United Kingdom,2024-03,145.0344827586207,2368.7241379310344,2024,19887,4206.0,21.1494946447428
87,EGLL,London - Heathrow,United Kingdom,2024-04,170.58620689655172,3021.7241379310344,2024,19673,4947.0,25.1461393788441
88,EGLL,London - Heathrow,United Kingdom,2024-05,162.76666666666668,3031.6666666666665,2024,20660,4883.0,23.6350435624395
89,EGLL,London - Heathrow,United Kingdom,2024-06,101.8,1331.8666666666666,2024,20031,3054.0,15.246368129399432
90,EGLL,London - Heathrow,United Kingdom,2024-07,107.96774193548387,1508.9354838709678,2024,20881,3347.0,16.028925817729036
91,EGLL,London - Heathrow,United Kingdom,2024-08,119.80645161290323,1915.225806451613,2024,20892,3714.0,17.77713957495692
92,EGLL,London - Heathrow,United Kingdom,2024-09,164.46666666666667,2973.866666666667,2024,20095,4934.0,24.55337148544414
93,EGLL,London - Heathrow,United Kingdom,2024-10,126.3225806451613,2594.6129032258063,2024,20575,3916.0,19.032806804374243
94,EGLL,London - Heathrow,United Kingdom,2024-11,98.11111111111111,2316.8888888888887,2024,19133,2649.0,13.845188940573877
95,EGLL,London - Heathrow,United Kingdom,2024-12,192.2,4955.2,2024,19517,5766.0,29.543474919301122
96,EHAM,Amsterdam - Schiphol,Netherlands,2023-01,114.0,2350.6428571428573,2023,15524,1596.0,10.280855449626385
97,EHAM,Amsterdam - Schiphol,Netherlands,2023-02,70.21428571428571,920.4285714285714,2023,14707,983.0,6.68389202420616
98,EHAM,Amsterdam - Schiphol,Netherlands,2023-03,82.5,1453.0,2023,17314,1815.0,10.48284625158831
99,EHAM,Amsterdam - Schiphol,Netherlands,2023-04,75.22222222222223,1604.4814814814815,2023,18881,2031.0,10.756845506064296
100,EHAM,Amsterdam - Schiphol,Netherlands,2023-05,148.24,3679.08,2023,20648,3706.0,17.948469585432004
101,EHAM,Amsterdam - Schiphol,Netherlands,2023-06,67.1304347826087,695.0434782608696,2023,20321,1544.0,7.598051277004085
102,EHAM,Amsterdam - Schiphol,Netherlands,2023-07,99.63333333333334,1402.5666666666666,2023,21248,2989.0,14.067206325301203
103,EHAM,Amsterdam - Schiphol,Netherlands,2023-08,85.25806451612904,984.0967741935484,2023,21424,2643.0,12.336631814787156
104,EHAM,Amsterdam - Schiphol,Netherlands,2023-09,104.6896551724138,1653.0689655172414,2023,20948,3036.0,14.493030360893641
105,EHAM,Amsterdam - Schiphol,Netherlands,2023-10,134.73333333333332,2869.6,2023,21448,4042.0,18.8455800074599
106,EHAM,Amsterdam - Schiphol,Netherlands,2023-11,104.73333333333333,1914.5333333333333,2023,18279,3142.0,17.18912413151704
107,EHAM,Amsterdam - Schiphol,Netherlands,2023-12,136.85185185185185,4456.0,2023,18346,3695.0,20.140630110105747
108,EHAM,Amsterdam - Schiphol,Netherlands,2024-01,93.0,2395.1666666666665,2024,17985,2232.0,12.410341951626355
109,EHAM,Amsterdam - Schiphol,Netherlands,2024-02,107.42857142857143,1285.5714285714287,2024,18064,3008.0,16.651904340124005
110,EHAM,Amsterdam - Schiphol,Netherlands,2024-03,136.32258064516128,1695.967741935484,2024,19694,4226.0,21.45831217629735
111,EHAM,Amsterdam - Schiphol,Netherlands,2024-04,203.26666666666668,3158.4666666666667,2024,20160,6098.0,30.24801587301587
112,EHAM,Amsterdam - Schiphol,Netherlands,2024-05,191.3548387096774,2300.064516129032,2024,21757,5932.0,27.26478834398125
113,EHAM,Amsterdam - Schiphol,Netherlands,2024-06,178.5,1884.8,2024,21233,5355.0,25.22017614091273
114,EHAM,Amsterdam - Schiphol,Netherlands,2024-07,196.1290322580645,3043.451612903226,2024,21925,6080.0,27.7309007981756
115,EHAM,Amsterdam - Schiphol,Netherlands,2024-08,196.0,2091.8709677419356,2024,22225,6076.0,27.338582677165352
116,EHAM,Amsterdam - Schiphol,Netherlands,2024-09,243.86666666666667,4102.133333333333,2024,21586,7316.0,33.892337626239225
117,EHAM,Amsterdam - Schiphol,Netherlands,2024-10,188.5483870967742,2802.8709677419356,2024,21655,5845.0,26.991456938351423
118,EHAM,Amsterdam - Schiphol,Netherlands,2024-11,169.03333333333333,2780.733333333333,2024,18939,5071.0,26.775436929088126
119,EHAM,Amsterdam - Schiphol,Netherlands,2024-12,167.74193548387098,3421.3548387096776,2024,19286,5200.0,26.962563517577514
120,EIDW,Dublin,Ireland,2023-01,,,2023,8447,0.0,0.0
121,EIDW,Dublin,Ireland,2023-02,5.0,56.0,2023,7829,5.0,0.06386511687316387
122,EIDW,Dublin,Ireland,2023-03,29.0,580.5,2023,9259,58.0,0.6264175396911114
123,EIDW,Dublin,Ireland,2023-04,25.0,497.2,2023,10085,125.0,1.2394645513138325
124,EIDW,Dublin,Ireland,2023-05,22.666666666666668,516.9047619047619,2023,11046,476.0,4.309252217997465
125,EIDW,Dublin,Ireland,2023-06,29.0,665.0,2023,10950,58.0,0.5296803652968036
126,EIDW,Dublin,Ireland,2023-07,37.666666666666664,801.0,2023,11467,113.0,0.985436469870062
127,EIDW,Dublin,Ireland,2023-08,64.16666666666667,1455.6666666666667,2023,11429,385.0,3.368623676612127
128,EIDW,Dublin,Ireland,2023-09,65.66666666666667,1431.8333333333333,2023,11214,394.0,3.5134653112181202
129,EIDW,Dublin,Ireland,2023-10,26.428571428571427,358.85714285714283,2023,11111,185.0,1.6650166501665016
130,EIDW,Dublin,Ireland,2023-11,20.0,228.66666666666666,2023,8596,60.0,0.6979990693345742
131,EIDW,Dublin,Ireland,2023-12,29.2,350.6,2023,8919,146.0,1.6369548155622828
132,EIDW,Dublin,Ireland,2024-01,60.5,3703.0,2024,8389,121.0,1.4423650017880558
133,EIDW,Dublin,Ireland,2024-02,8.5,139.0,2024,8089,17.0,0.21016194832488566
134,EIDW,Dublin,Ireland,2024-03,47.333333333333336,800.3333333333334,2024,9620,142.0,1.4760914760914763
135,EIDW,Dublin,Ireland,2024-04,101.0,3410.6666666666665,2024,10328,303.0,2.933772269558482
136,EIDW,Dublin,Ireland,2024-05,40.875,695.75,2024,11506,327.0,2.8419954806188077
137,EIDW,Dublin,Ireland,2024-06,124.0,2500.0,2024,11235,124.0,1.1036938139741876
138,EIDW,Dublin,Ireland,2024-07,59.0,1154.75,2024,11637,236.0,2.0280140929792903
139,EIDW,Dublin,Ireland,2024-08,25.333333333333332,495.3333333333333,2024,11855,76.0,0.641079713201181
140,EIDW,Dublin,Ireland,2024-09,24.75,578.25,2024,11385,99.0,0.8695652173913043
141,EIDW,Dublin,Ireland,2024-10,70.0,2579.0,2024,10735,210.0,1.9562179785747555
142,EIDW,Dublin,Ireland,2024-11,40.5,488.0,2024,8570,81.0,0.9451575262543758
143,EIDW,Dublin,Ireland,2024-12,21.0,462.0,2024,8577,21.0,0.24484085344526058
144,EKCH,Copenhagen - Kastrup,Denmark,2023-01,20.333333333333332,168.0,2023,7702,61.0,0.7920020773824982
145,EKCH,Copenhagen - Kastrup,Denmark,2023-02,28.666666666666668,412.0,2023,7541,172.0,2.2808646068160723
146,EKCH,Copenhagen - Kastrup,Denmark,2023-03,33.5,357.5,2023,9054,67.0,0.7400044179368235
147,EKCH,Copenhagen - Kastrup,Denmark,2023-04,174.46428571428572,4323.642857142857,2023,9395,4885.0,51.995742416178814
148,EKCH,Copenhagen - Kastrup,Denmark,2023-05,147.32142857142858,3686.214285714286,2023,10322,4125.0,39.96318542918039
149,EKCH,Copenhagen - Kastrup,Denmark,2023-06,170.76,3761.4,2023,10349,4269.0,41.25036235385061
150,EKCH,Copenhagen - Kastrup,Denmark,2023-07,34.07142857142857,730.1428571428571,2023,10443,477.0,4.567652973283539
151,EKCH,Copenhagen - Kastrup,Denmark,2023-08,51.0,1145.5,2023,10507,306.0,2.9123441515180355
152,EKCH,Copenhagen - Kastrup,Denmark,2023-09,63.833333333333336,1154.8333333333333,2023,10660,383.0,3.5928705440900566
153,EKCH,Copenhagen - Kastrup,Denmark,2023-10,28.666666666666668,309.0,2023,10787,172.0,1.5945119124872533
154,EKCH,Copenhagen - Kastrup,Denmark,2023-11,31.333333333333332,349.0,2023,8646,188.0,2.17441591487393
155,EKCH,Copenhagen - Kastrup,Denmark,2023-12,21.25,262.0,2023,8299,85.0,1.0242197855163273
156,EKCH,Copenhagen - Kastrup,Denmark,2024-01,20.333333333333332,306.0833333333333,2024,7763,244.0,3.143114775215767
157,EKCH,Copenhagen - Kastrup,Denmark,2024-02,16.0,143.0,2024,8093,16.0,0.19770171753367105
158,EKCH,Copenhagen - Kastrup,Denmark,2024-03,61.75,1278.75,2024,9145,494.0,5.401858939311099
159,EKCH,Copenhagen - Kastrup,Denmark,2024-04,36.42857142857143,737.1428571428571,2024,10331,255.0,2.4682992933888297
160,EKCH,Copenhagen - Kastrup,Denmark,2024-05,24.4,395.8,2024,11164,122.0,1.092798280186313
161,EKCH,Copenhagen - Kastrup,Denmark,2024-06,30.7,498.9,2024,11218,307.0,2.73667320377964
162,EKCH,Copenhagen - Kastrup,Denmark,2024-07,32.11764705882353,584.8235294117648,2024,11423,546.0,4.779830167206513
163,EKCH,Copenhagen - Kastrup,Denmark,2024-08,44.54545454545455,751.6363636363636,2024,11270,490.0,4.3478260869565215
164,EKCH,Copenhagen - Kastrup,Denmark,2024-09,34.5,798.0,2024,11188,207.0,1.8501966392563463
165,EKCH,Copenhagen - Kastrup,Denmark,2024-10,58.333333333333336,1003.0,2024,11100,350.0,3.153153153153153
166,EKCH,Copenhagen - Kastrup,Denmark,2024-11,35.5,515.8333333333334,2024,9026,213.0,2.359849324174607
167,EKCH,Copenhagen - Kastrup,Denmark,2024-12,20.0,241.875,2024,8637,160.0,1.8524950793099455
168,ENGM,Oslo - Gardermoen,Norway,2023-01,31.666666666666668,421.3333333333333,2023,7660,95.0,1.2402088772845952
169,ENGM,Oslo - Gardermoen,Norway,2023-02,23.75,279.0,2023,7275,95.0,1.3058419243986255
170,ENGM,Oslo - Gardermoen,Norway,2023-03,32.6,523.2,2023,8960,163.0,1.8191964285714286
171,ENGM,Oslo - Gardermoen,Norway,2023-04,79.0,5937.0,2023,8685,79.0,0.9096142774899252
172,ENGM,Oslo - Gardermoen,Norway,2023-05,,,2023,9640,0.0,0.0
173,ENGM,Oslo - Gardermoen,Norway,2023-06,35.333333333333336,519.8333333333334,2023,10116,212.0,2.0956899960458677
174,ENGM,Oslo - Gardermoen,Norway,2023-07,25.0,358.5,2023,9716,50.0,0.514615067929189
175,ENGM,Oslo - Gardermoen,Norway,2023-08,39.5,592.25,2023,10021,158.0,1.5766889531982835
176,ENGM,Oslo - Gardermoen,Norway,2023-09,,,2023,10110,0.0,0.0
177,ENGM,Oslo - Gardermoen,Norway,2023-10,28.0,508.0,2023,9980,112.0,1.122244488977956
178,ENGM,Oslo - Gardermoen,Norway,2023-11,82.5,2010.5,2023,8421,330.0,3.918774492340577
179,ENGM,Oslo - Gardermoen,Norway,2023-12,55.75,1374.0,2023,7406,223.0,3.011072103699703
180,ENGM,Oslo - Gardermoen,Norway,2024-01,70.2,1489.4,2024,7248,351.0,4.8427152317880795
181,ENGM,Oslo - Gardermoen,Norway,2024-02,65.2,1013.4,2024,7580,326.0,4.300791556728232
182,ENGM,Oslo - Gardermoen,Norway,2024-03,43.666666666666664,2209.3333333333335,2024,8488,131.0,1.5433553251649388
183,ENGM,Oslo - Gardermoen,Norway,2024-04,32.5,1122.1666666666667,2024,9525,195.0,2.047244094488189
184,ENGM,Oslo - Gardermoen,Norway,2024-05,74.5,1219.25,2024,9903,298.0,3.009189134605675
185,ENGM,Oslo - Gardermoen,Norway,2024-06,54.6,742.0,2024,10184,546.0,5.361351139041634
186,ENGM,Oslo - Gardermoen,Norway,2024-07,38.0,430.0,2024,9871,38.0,0.3849660622024111
187,ENGM,Oslo - Gardermoen,Norway,2024-08,29.25,384.0,2024,10048,117.0,1.1644108280254777
188,ENGM,Oslo - Gardermoen,Norway,2024-09,32.0,349.6363636363636,2024,10351,352.0,3.4006376195536663
189,ENGM,Oslo - Gardermoen,Norway,2024-10,21.333333333333332,172.66666666666666,2024,10056,64.0,0.6364359586316627
190,ENGM,Oslo - Gardermoen,Norway,2024-11,43.625,749.125,2024,8562,349.0,4.076150432142023
191,ENGM,Oslo - Gardermoen,Norway,2024-12,62.5,1904.0,2024,7935,250.0,3.1505986137366095
192,LEBL,Barcelona,Spain,2023-01,,,2023,10467,0.0,0.0
193,LEBL,Barcelona,Spain,2023-02,17.6,167.2,2023,10394,88.0,0.846642293630941
194,LEBL,Barcelona,Spain,2023-03,57.5625,981.6875,2023,12077,921.0,7.626066076012254
195,LEBL,Barcelona,Spain,2023-04,25.823529411764707,509.88235294117646,2023,13450,439.0,3.2639405204460967
196,LEBL,Barcelona,Spain,2023-05,50.76470588235294,837.8235294117648,2023,14355,863.0,6.011842563566701
197,LEBL,Barcelona,Spain,2023-06,43.84615384615385,736.8461538461538,2023,14142,570.0,4.030547305897327
198,LEBL,Barcelona,Spain,2023-07,34.391304347826086,508.7826086956522,2023,15328,791.0,5.160490605427975
199,LEBL,Barcelona,Spain,2023-08,47.857142857142854,1277.7857142857142,2023,14922,670.0,4.490014743331993
200,LEBL,Barcelona,Spain,2023-09,37.5625,719.0,2023,14229,601.0,4.223768360390752
201,LEBL,Barcelona,Spain,2023-10,34.46153846153846,605.3846153846154,2023,14529,448.0,3.08348819602175
202,LEBL,Barcelona,Spain,2023-11,47.0,866.0,2023,12587,329.0,2.613807897036625
203,LEBL,Barcelona,Spain,2023-12,,,2023,13014,0.0,0.0
204,LEBL,Barcelona,Spain,2024-01,14.75,161.5,2024,11809,59.0,0.4996189347108138
205,LEBL,Barcelona,Spain,2024-02,30.666666666666668,526.0,2024,11788,92.0,0.7804546996946047
206,LEBL,Barcelona,Spain,2024-03,23.0,345.25,2024,13509,92.0,0.6810274631726997
207,LEBL,Barcelona,Spain,2024-04,52.15384615384615,914.0769230769231,2024,14905,678.0,4.5488091244548805
208,LEBL,Barcelona,Spain,2024-05,64.64285714285714,1132.4285714285713,2024,15811,905.0,5.723863133261653
209,LEBL,Barcelona,Spain,2024-06,72.0,2141.6666666666665,2024,15676,1728.0,11.02322020923705
210,LEBL,Barcelona,Spain,2024-07,44.53333333333333,1307.8666666666666,2024,16385,668.0,4.076899603295697
211,LEBL,Barcelona,Spain,2024-08,58.07142857142857,1700.0,2024,16065,813.0,5.060690943043884
212,LEBL,Barcelona,Spain,2024-09,118.15789473684211,3016.684210526316,2024,15849,2245.0,14.16493154142217
213,LEBL,Barcelona,Spain,2024-10,92.3125,2514.0625,2024,15755,1477.0,9.374801650269756
214,LEBL,Barcelona,Spain,2024-11,98.9090909090909,4518.090909090909,2024,13019,1088.0,8.357016667946846
215,LEBL,Barcelona,Spain,2024-12,83.33333333333333,2230.3333333333335,2024,13439,250.0,1.8602574596324133
216,LEMD,Madrid - Barajas,Spain,2023-01,27.647058823529413,377.8235294117647,2023,15162,470.0,3.099854900408917
217,LEMD,Madrid - Barajas,Spain,2023-02,23.0,226.9047619047619,2023,13939,483.0,3.465097926680537
218,LEMD,Madrid - Barajas,Spain,2023-03,25.416666666666668,331.75,2023,15663,610.0,3.8945285066717745
219,LEMD,Madrid - Barajas,Spain,2023-04,25.82608695652174,388.5217391304348,2023,15812,594.0,3.756640526182646
220,LEMD,Madrid - Barajas,Spain,2023-05,38.44,433.76,2023,16678,961.0,5.762081784386617
221,LEMD,Madrid - Barajas,Spain,2023-06,48.04,759.52,2023,16307,1201.0,7.36493530385724
222,LEMD,Madrid - Barajas,Spain,2023-07,33.333333333333336,397.3666666666667,2023,17227,1000.0,5.804841237592152
223,LEMD,Madrid - Barajas,Spain,2023-08,23.642857142857142,243.14285714285714,2023,16906,662.0,3.915769549272448
224,LEMD,Madrid - Barajas,Spain,2023-09,55.30769230769231,896.5384615384615,2023,16951,1438.0,8.483275322989794
225,LEMD,Madrid - Barajas,Spain,2023-10,37.32142857142857,422.7142857142857,2023,17282,1045.0,6.0467538479342675
226,LEMD,Madrid - Barajas,Spain,2023-11,39.23809523809524,498.23809523809524,2023,15998,824.0,5.15064383047881
227,LEMD,Madrid - Barajas,Spain,2023-12,34.125,759.6875,2023,16678,546.0,3.2737738337930207
228,LEMD,Madrid - Barajas,Spain,2024-01,36.214285714285715,691.8571428571429,2024,15799,507.0,3.2090638648015695
229,LEMD,Madrid - Barajas,Spain,2024-02,30.875,470.875,2024,15468,247.0,1.5968450995603827
230,LEMD,Madrid - Barajas,Spain,2024-03,29.25,335.95,2024,17140,585.0,3.413068844807468
231,LEMD,Madrid - Barajas,Spain,2024-04,26.814814814814813,288.55555555555554,2024,17363,724.0,4.1697863272475955
232,LEMD,Madrid - Barajas,Spain,2024-05,29.09090909090909,301.8181818181818,2024,18196,640.0,3.517256539898879
233,LEMD,Madrid - Barajas,Spain,2024-06,40.48,609.68,2024,18163,1012.0,5.571766778615867
234,LEMD,Madrid - Barajas,Spain,2024-07,26.51851851851852,309.8888888888889,2024,18899,716.0,3.7885602412826076
235,LEMD,Madrid - Barajas,Spain,2024-08,21.894736842105264,274.7368421052632,2024,18320,416.0,2.2707423580786026
236,LEMD,Madrid - Barajas,Spain,2024-09,33.61904761904762,424.7142857142857,2024,18247,706.0,3.8691291719186713
237,LEMD,Madrid - Barajas,Spain,2024-10,74.2,1225.65,2024,17702,1484.0,8.383233532934131
238,LEMD,Madrid - Barajas,Spain,2024-11,67.3913043478261,1649.7826086956522,2024,17107,1550.0,9.060618460279418
239,LEMD,Madrid - Barajas,Spain,2024-12,23.0,498.4736842105263,2024,17784,437.0,2.4572649572649574
240,LEPA,Palma de Mallorca,Spain,2023-01,,,2023,4142,0.0,0.0
241,LEPA,Palma de Mallorca,Spain,2023-02,14.777777777777779,585.2222222222222,2023,4142,133.0,3.211009174311927
242,LEPA,Palma de Mallorca,Spain,2023-03,14.0,273.2857142857143,2023,5851,98.0,1.6749273628439583
243,LEPA,Palma de Mallorca,Spain,2023-04,37.666666666666664,787.6666666666666,2023,10276,113.0,1.099649669131958
244,LEPA,Palma de Mallorca,Spain,2023-05,57.0,1433.8823529411766,2023,12135,969.0,7.985166872682324
245,LEPA,Palma de Mallorca,Spain,2023-06,52.1578947368421,1077.6315789473683,2023,13119,991.0,7.553929415351781
246,LEPA,Palma de Mallorca,Spain,2023-07,46.88461538461539,534.4230769230769,2023,14891,1219.0,8.186152709690417
247,LEPA,Palma de Mallorca,Spain,2023-08,61.94444444444444,1902.5555555555557,2023,14576,1115.0,7.6495609220636664
248,LEPA,Palma de Mallorca,Spain,2023-09,73.0,2149.5555555555557,2023,13224,1314.0,9.936479128856625
249,LEPA,Palma de Mallorca,Spain,2023-10,48.77777777777778,668.6666666666666,2023,12062,439.0,3.639529099651799
250,LEPA,Palma de Mallorca,Spain,2023-11,13.666666666666666,278.6666666666667,2023,4869,41.0,0.8420620250564799
251,LEPA,Palma de Mallorca,Spain,2023-12,16.571428571428573,409.2857142857143,2023,4638,116.0,2.501078050884002
252,LEPA,Palma de Mallorca,Spain,2024-01,9.5,153.5,2024,4278,38.0,0.8882655446470313
253,LEPA,Palma de Mallorca,Spain,2024-02,16.375,339.5,2024,4482,131.0,2.922802320392682
254,LEPA,Palma de Mallorca,Spain,2024-03,24.666666666666668,732.6666666666666,2024,6202,74.0,1.1931634956465658
255,LEPA,Palma de Mallorca,Spain,2024-04,40.5,671.8333333333334,2024,10652,243.0,2.2812617348854674
256,LEPA,Palma de Mallorca,Spain,2024-05,44.21052631578947,787.7894736842105,2024,13514,840.0,6.215776232055646
257,LEPA,Palma de Mallorca,Spain,2024-06,65.04545454545455,1342.6363636363637,2024,14176,1431.0,10.094525959367946
258,LEPA,Palma de Mallorca,Spain,2024-07,53.32,858.04,2024,15560,1333.0,8.566838046272492
259,LEPA,Palma de Mallorca,Spain,2024-08,81.1304347826087,3706.2608695652175,2024,15412,1866.0,12.107448741240592
260,LEPA,Palma de Mallorca,Spain,2024-09,71.34782608695652,2307.7391304347825,2024,14008,1641.0,11.714734437464307
261,LEPA,Palma de Mallorca,Spain,2024-10,43.15,1022.25,2024,12646,863.0,6.824292266329274
262,LEPA,Palma de Mallorca,Spain,2024-11,63.333333333333336,2555.6666666666665,2024,5291,380.0,7.182007182007181
263,LEPA,Palma de Mallorca,Spain,2024-12,10.0,200.33333333333334,2024,4746,30.0,0.6321112515802781
264,LFPG,Paris-Charles-de-Gaulle,France,2023-01,31.11111111111111,459.6666666666667,2023,16809,280.0,1.6657742875840325
265,LFPG,Paris-Charles-de-Gaulle,France,2023-02,28.333333333333332,376.8333333333333,2023,15599,170.0,1.0898134495801013
266,LFPG,Paris-Charles-de-Gaulle,France,2023-03,14.642857142857142,235.64285714285714,2023,17600,205.0,1.1647727272727273
267,LFPG,Paris-Charles-de-Gaulle,France,2023-04,11.777777777777779,267.55555555555554,2023,18680,106.0,0.5674518201284797
268,LFPG,Paris-Charles-de-Gaulle,France,2023-05,35.111111111111114,519.3333333333334,2023,20113,316.0,1.5711231541788895
269,LFPG,Paris-Charles-de-Gaulle,France,2023-06,23.0,458.9230769230769,2023,20032,299.0,1.492611821086262
270,LFPG,Paris-Charles-de-Gaulle,France,2023-07,26.166666666666668,541.5833333333334,2023,20788,314.0,1.5104868193188377
271,LFPG,Paris-Charles-de-Gaulle,France,2023-08,29.4,436.6,2023,20949,147.0,0.7017041386223686
272,LFPG,Paris-Charles-de-Gaulle,France,2023-09,20.5,300.5,2023,20052,82.0,0.4089367644125274
273,LFPG,Paris-Charles-de-Gaulle,France,2023-10,29.0,483.0,2023,20355,261.0,1.2822402358142961
274,LFPG,Paris-Charles-de-Gaulle,France,2023-11,35.111111111111114,391.0,2023,17923,316.0,1.763097695698265
275,LFPG,Paris-Charles-de-Gaulle,France,2023-12,23.09090909090909,292.72727272727275,2023,18657,254.0,1.3614193064265423
276,LFPG,Paris-Charles-de-Gaulle,France,2024-01,18.75,260.75,2024,16000,75.0,0.46875
277,LFPG,Paris-Charles-de-Gaulle,France,2024-02,32.666666666666664,456.0,2024,15897,98.0,0.6164685160722149
278,LFPG,Paris-Charles-de-Gaulle,France,2024-03,18.0,140.5,2024,18247,36.0,0.19729270565024387
279,LFPG,Paris-Charles-de-Gaulle,France,2024-04,27.0,393.5,2024,19146,216.0,1.1281729865246004
280,LFPG,Paris-Charles-de-Gaulle,France,2024-05,29.916666666666668,666.4166666666666,2024,20632,359.0,1.7400155098875534
281,LFPG,Paris-Charles-de-Gaulle,France,2024-06,37.375,506.375,2024,20759,299.0,1.4403391300158968
282,LFPG,Paris-Charles-de-Gaulle,France,2024-07,34.5,736.5,2024,21805,345.0,1.582205916074295
283,LFPG,Paris-Charles-de-Gaulle,France,2024-08,29.0,498.3333333333333,2024,22192,87.0,0.39203316510454217
284,LFPG,Paris-Charles-de-Gaulle,France,2024-09,41.333333333333336,548.3333333333334,2024,20819,372.0,1.7868293385849463
285,LFPG,Paris-Charles-de-Gaulle,France,2024-10,53.470588235294116,842.7058823529412,2024,20835,909.0,4.362850971922247
286,LFPG,Paris-Charles-de-Gaulle,France,2024-11,60.3,1557.7,2024,17745,603.0,3.398140321217244
287,LFPG,Paris-Charles-de-Gaulle,France,2024-12,45.05555555555556,763.2777777777778,2024,19285,811.0,4.20534093855328
288,LGAV,Athens,Greece,2023-01,,,2023,6843,0.0,0.0
289,LGAV,Athens,Greece,2023-02,4.0,47.0,2023,6178,4.0,0.06474587245063128
290,LGAV,Athens,Greece,2023-03,25.0,219.66666666666666,2023,7319,75.0,1.0247301543926768
291,LGAV,Athens,Greece,2023-04,120.71428571428571,2611.1785714285716,2023,8973,3380.0,37.66856123927337
292,LGAV,Athens,Greece,2023-05,174.38709677419354,4019.1935483870966,2023,10559,5406.0,51.198030116488304
293,LGAV,Athens,Greece,2023-06,131.63333333333333,2168.766666666667,2023,12086,3949.0,32.67416845937448
294,LGAV,Athens,Greece,2023-07,106.2258064516129,1570.1612903225807,2023,13459,3293.0,24.46689947247195
295,LGAV,Athens,Greece,2023-08,67.7,839.8666666666667,2023,13372,2031.0,15.188453484893808
296,LGAV,Athens,Greece,2023-09,56.89655172413793,806.0,2023,12051,1650.0,13.691809808314662
297,LGAV,Athens,Greece,2023-10,35.166666666666664,421.9583333333333,2023,11146,844.0,7.572223219092051
298,LGAV,Athens,Greece,2023-11,46.785714285714285,875.2857142857143,2023,8187,655.0,8.000488579455233
299,LGAV,Athens,Greece,2023-12,14.333333333333334,194.66666666666666,2023,8117,43.0,0.5297523715658494
300,LGAV,Athens,Greece,2024-01,43.0,870.0,2024,7446,43.0,0.5774912704807951
301,LGAV,Athens,Greece,2024-02,20.0,378.1666666666667,2024,7129,120.0,1.683265535138168
302,LGAV,Athens,Greece,2024-03,35.8,384.26666666666665,2024,8394,537.0,6.397426733380987
303,LGAV,Athens,Greece,2024-04,127.93333333333334,1812.3666666666666,2024,10438,3838.0,36.769496072044454
304,LGAV,Athens,Greece,2024-05,180.93548387096774,3620.7419354838707,2024,12208,5609.0,45.945281782437746
305,LGAV,Athens,Greece,2024-06,113.33333333333333,1606.1,2024,13525,3400.0,25.13863216266174
306,LGAV,Athens,Greece,2024-07,140.70967741935485,2402.2903225806454,2024,14857,4362.0,29.359897691323955
307,LGAV,Athens,Greece,2024-08,122.09677419354838,2025.967741935484,2024,14737,3785.0,25.683653389427967
308,LGAV,Athens,Greece,2024-09,108.53333333333333,1674.5,2024,13349,3256.0,24.39134017529403
309,LGAV,Athens,Greece,2024-10,57.65384615384615,605.7692307692307,2024,11904,1499.0,12.592405913978494
310,LGAV,Athens,Greece,2024-11,62.1578947368421,699.1578947368421,2024,9011,1181.0,13.106203529020085
311,LGAV,Athens,Greece,2024-12,58.36,673.96,2024,9122,1459.0,15.994299495724624
312,LIRF,Rome - Fiumicino,Italy,2023-01,,,2023,8461,0.0,0.0
313,LIRF,Rome - Fiumicino,Italy,2023-02,,,2023,7924,0.0,0.0
314,LIRF,Rome - Fiumicino,Italy,2023-03,32.0,773.0,2023,9317,32.0,0.34345819469786415
315,LIRF,Rome - Fiumicino,Italy,2023-04,1.0,15.0,2023,10663,1.0,0.00937822376441902
316,LIRF,Rome - Fiumicino,Italy,2023-05,25.5,440.0,2023,11459,51.0,0.4450650143991622
317,LIRF,Rome - Fiumicino,Italy,2023-06,42.0,731.0,2023,12242,84.0,0.6861623917660513
318,LIRF,Rome - Fiumicino,Italy,2023-07,28.0,964.0,2023,12899,28.0,0.2170710907822312
319,LIRF,Rome - Fiumicino,Italy,2023-08,17.666666666666668,389.3333333333333,2023,13032,53.0,0.4066912216083487
320,LIRF,Rome - Fiumicino,Italy,2023-09,32.0,799.0,2023,12595,32.0,0.2540690750297737
321,LIRF,Rome - Fiumicino,Italy,2023-10,,,2023,12723,0.0,0.0
322,LIRF,Rome - Fiumicino,Italy,2023-11,84.0,1777.0,2023,10820,84.0,0.7763401109057301
323,LIRF,Rome - Fiumicino,Italy,2023-12,50.0,786.0,2023,11125,50.0,0.44943820224719105
324,LIRF,Rome - Fiumicino,Italy,2024-01,139.5,2246.0,2024,10490,279.0,2.659675881792183
325,LIRF,Rome - Fiumicino,Italy,2024-02,22.0,257.0,2024,9920,22.0,0.2217741935483871
326,LIRF,Rome - Fiumicino,Italy,2024-03,,,2024,11468,0.0,0.0
327,LIRF,Rome - Fiumicino,Italy,2024-04,25.333333333333332,345.6666666666667,2024,13385,76.0,0.5677997758685095
328,LIRF,Rome - Fiumicino,Italy,2024-05,32.25,513.0,2024,14316,129.0,0.901089689857502
329,LIRF,Rome - Fiumicino,Italy,2024-06,,,2024,14743,0.0,0.0
330,LIRF,Rome - Fiumicino,Italy,2024-07,19.0,530.0,2024,15533,19.0,0.1223202214639799
331,LIRF,Rome - Fiumicino,Italy,2024-08,22.333333333333332,794.1666666666666,2024,15584,134.0,0.8598562628336757
332,LIRF,Rome - Fiumicino,Italy,2024-09,40.857142857142854,776.7142857142857,2024,14657,286.0,1.9512860749130108
333,LIRF,Rome - Fiumicino,Italy,2024-10,30.666666666666668,398.3333333333333,2024,14095,184.0,1.305427456544874
334,LIRF,Rome - Fiumicino,Italy,2024-11,50.36363636363637,702.7272727272727,2024,11591,554.0,4.7795703563109315
335,LIRF,Rome - Fiumicino,Italy,2024-12,31.0,457.75,2024,12048,124.0,1.0292164674634794
336,LOWW,Vienna,Austria,2023-01,32.6,450.0,2023,7715,163.0,2.1127673363577446
337,LOWW,Vienna,Austria,2023-02,17.0,338.3333333333333,2023,6936,51.0,0.7352941176470588
338,LOWW,Vienna,Austria,2023-03,13.0,163.75,2023,8621,52.0,0.603178285581719
339,LOWW,Vienna,Austria,2023-04,45.5,710.5,2023,9877,182.0,1.8426647767540751
340,LOWW,Vienna,Austria,2023-05,15.8,200.0,2023,10887,79.0,0.7256360797281161
341,LOWW,Vienna,Austria,2023-06,37.0,728.8333333333334,2023,11096,222.0,2.0007209805335253
342,LOWW,Vienna,Austria,2023-07,32.111111111111114,725.4444444444445,2023,11573,289.0,2.4971917393934158
343,LOWW,Vienna,Austria,2023-08,45.0,851.75,2023,11348,180.0,1.5861825872400421
344,LOWW,Vienna,Austria,2023-09,50.0,942.0,2023,11073,50.0,0.4515488124266233
345,LOWW,Vienna,Austria,2023-10,42.166666666666664,724.1666666666666,2023,10875,253.0,2.3264367816091958
346,LOWW,Vienna,Austria,2023-11,68.33333333333333,1141.0,2023,8825,205.0,2.322946175637394
347,LOWW,Vienna,Austria,2023-12,19.0,213.5,2023,8844,76.0,0.8593396653098146
348,LOWW,Vienna,Austria,2024-01,54.0,781.0,2024,8039,54.0,0.671725338972509
349,LOWW,Vienna,Austria,2024-02,,,2024,7720,0.0,0.0
350,LOWW,Vienna,Austria,2024-03,16.0,220.5,2024,8837,64.0,0.7242276790766098
351,LOWW,Vienna,Austria,2024-04,63.0,711.0,2024,10410,126.0,1.2103746397694526
352,LOWW,Vienna,Austria,2024-05,46.6,965.7333333333333,2024,11498,699.0,6.079318142285615
353,LOWW,Vienna,Austria,2024-06,40.083333333333336,1063.5833333333333,2024,11716,481.0,4.105496756572209
354,LOWW,Vienna,Austria,2024-07,44.57142857142857,1543.2857142857142,2024,12048,312.0,2.589641434262948
355,LOWW,Vienna,Austria,2024-08,41.77777777777778,1557.5555555555557,2024,11929,376.0,3.1519825635007126
356,LOWW,Vienna,Austria,2024-09,122.875,4047.125,2024,11675,983.0,8.419700214132762
357,LOWW,Vienna,Austria,2024-10,60.75,1461.125,2024,11552,486.0,4.207063711911357
358,LOWW,Vienna,Austria,2024-11,22.4,318.8,2024,9247,112.0,1.2112036336109009
359,LOWW,Vienna,Austria,2024-12,49.0,1605.4,2024,9413,245.0,2.6027833846807606
360,LPPT,Lisbon,Portugal,2023-01,60.233333333333334,905.8666666666667,2023,8513,1807.0,21.22635968518736
361,LPPT,Lisbon,Portugal,2023-02,62.92307692307692,923.6538461538462,2023,7906,1636.0,20.69314444725525
362,LPPT,Lisbon,Portugal,2023-03,57.774193548387096,971.7741935483871,2023,9028,1791.0,19.838280903854674
363,LPPT,Lisbon,Portugal,2023-04,66.23333333333333,1047.1666666666667,2023,9314,1987.0,21.333476487008802
364,LPPT,Lisbon,Portugal,2023-05,87.51612903225806,1537.6129032258063,2023,9709,2713.0,27.943145535070553
365,LPPT,Lisbon,Portugal,2023-06,100.56666666666666,1679.4,2023,9869,3017.0,30.570473198905663
366,LPPT,Lisbon,Portugal,2023-07,108.96774193548387,1730.3870967741937,2023,10440,3378.0,32.35632183908046
367,LPPT,Lisbon,Portugal,2023-08,120.06451612903226,1989.5806451612902,2023,10474,3722.0,35.535611991598245
368,LPPT,Lisbon,Portugal,2023-09,134.2,2575.366666666667,2023,10096,4026.0,39.877179080824085
369,LPPT,Lisbon,Portugal,2023-10,116.29032258064517,1932.967741935484,2023,10192,3605.0,35.370879120879124
370,LPPT,Lisbon,Portugal,2023-11,73.6,1691.8333333333333,2023,8734,2208.0,25.280512937943666
371,LPPT,Lisbon,Portugal,2023-12,74.26666666666667,1320.5666666666666,2023,9090,2228.0,24.51045104510451
372,LPPT,Lisbon,Portugal,2024-01,53.93103448275862,1009.4137931034483,2024,8267,1564.0,18.918591992258378
373,LPPT,Lisbon,Portugal,2024-02,73.92857142857143,1386.2857142857142,2024,8238,2070.0,25.127458120903135
374,LPPT,Lisbon,Portugal,2024-03,117.70967741935483,2180.8387096774195,2024,9313,3649.0,39.181788897240416
375,LPPT,Lisbon,Portugal,2024-04,111.36666666666666,2034.9666666666667,2024,9628,3341.0,34.7008724553386
376,LPPT,Lisbon,Portugal,2024-05,91.90322580645162,1355.967741935484,2024,10074,2849.0,28.280722652372443
377,LPPT,Lisbon,Portugal,2024-06,88.93333333333334,1599.4666666666667,2024,9948,2668.0,26.819461198230798
378,LPPT,Lisbon,Portugal,2024-07,74.90322580645162,1269.032258064516,2024,10477,2322.0,22.162832872005346
379,LPPT,Lisbon,Portugal,2024-08,55.354838709677416,830.5483870967741,2024,10504,1716.0,16.33663366336634
380,LPPT,Lisbon,Portugal,2024-09,75.3,1322.5333333333333,2024,10194,2259.0,22.160094173042964
381,LPPT,Lisbon,Portugal,2024-10,70.45161290322581,1514.1290322580646,2024,10119,2184.0,21.583160391343018
382,LPPT,Lisbon,Portugal,2024-11,49.48,1206.72,2024,8720,1237.0,14.18577981651376
383,LPPT,Lisbon,Portugal,2024-12,32.18181818181818,567.8181818181819,2024,9098,708.0,7.7819300945262695
384,LSZH,Zürich,Switzerland,2023-01,20.22222222222222,213.44444444444446,2023,8386,182.0,2.1702838063439067
385,LSZH,Zürich,Switzerland,2023-02,42.2,598.4,2023,7732,422.0,5.45783755819969
386,LSZH,Zürich,Switzerland,2023-03,16.625,145.625,2023,9129,133.0,1.456895607404973
387,LSZH,Zürich,Switzerland,2023-04,47.529411764705884,734.8823529411765,2023,10118,808.0,7.985767938327733
388,LSZH,Zürich,Switzerland,2023-05,63.407407407407405,1182.1851851851852,2023,10893,1712.0,15.716515193243366
389,LSZH,Zürich,Switzerland,2023-06,42.166666666666664,682.4166666666666,2023,11016,1012.0,9.186637618010167
390,LSZH,Zürich,Switzerland,2023-07,51.214285714285715,801.1071428571429,2023,11609,1434.0,12.352485140839004
391,LSZH,Zürich,Switzerland,2023-08,47.32,671.24,2023,11397,1183.0,10.379924541546021
392,LSZH,Zürich,Switzerland,2023-09,51.53333333333333,955.0666666666667,2023,11389,1546.0,13.574501712178419
393,LSZH,Zürich,Switzerland,2023-10,40.86206896551724,583.2413793103449,2023,11516,1185.0,10.290031260854464
394,LSZH,Zürich,Switzerland,2023-11,31.666666666666668,356.6666666666667,2023,9012,475.0,5.27075011096316
395,LSZH,Zürich,Switzerland,2023-12,56.241379310344826,780.8620689655172,2023,9338,1631.0,17.466266866566716
396,LSZH,Zürich,Switzerland,2024-01,44.791666666666664,616.5,2024,9093,1075.0,11.822280875398658
397,LSZH,Zürich,Switzerland,2024-02,32.36363636363637,383.1363636363636,2024,8725,712.0,8.160458452722064
398,LSZH,Zürich,Switzerland,2024-03,42.74193548387097,486.4516129032258,2024,9884,1325.0,13.40550384459733
399,LSZH,Zürich,Switzerland,2024-04,44.25,544.875,2024,10840,1062.0,9.797047970479705
400,LSZH,Zürich,Switzerland,2024-05,55.96774193548387,791.3548387096774,2024,11747,1735.0,14.769728441304164
401,LSZH,Zürich,Switzerland,2024-06,61.41379310344828,1218.6896551724137,2024,11689,1781.0,15.236547181110446
402,LSZH,Zürich,Switzerland,2024-07,47.36666666666667,775.5666666666667,2024,12125,1421.0,11.71958762886598
403,LSZH,Zürich,Switzerland,2024-08,49.17857142857143,810.5714285714286,2024,11922,1377.0,11.550075490689482
404,LSZH,Zürich,Switzerland,2024-09,74.0,1537.695652173913,2024,11814,1702.0,14.406636194345692
405,LSZH,Zürich,Switzerland,2024-10,47.241379310344826,699.8965517241379,2024,11831,1370.0,11.579748119347478
406,LSZH,Zürich,Switzerland,2024-11,40.45,527.4,2024,9501,809.0,8.514893169140091
407,LSZH,Zürich,Switzerland,2024-12,28.16,312.88,2024,9965,704.0,7.06472654290015
408,LTAI,Antalya,Türkiye,2023-01,,,2023,3302,0.0,0.0
409,LTAI,Antalya,Türkiye,2023-02,,,2023,3037,0.0,0.0
410,LTAI,Antalya,Türkiye,2023-03,,,2023,3781,0.0,0.0
411,LTAI,Antalya,Türkiye,2023-04,76.81818181818181,1336.1818181818182,2023,7698,1690.0,21.953754221875812
412,LTAI,Antalya,Türkiye,2023-05,91.51612903225806,1693.6129032258063,2023,10496,2837.0,27.02934451219512
413,LTAI,Antalya,Türkiye,2023-06,84.17857142857143,1682.3214285714287,2023,13702,2357.0,17.201868340388266
414,LTAI,Antalya,Türkiye,2023-07,84.41935483870968,1386.5806451612902,2023,15932,2617.0,16.426060758222448
415,LTAI,Antalya,Türkiye,2023-08,94.35483870967742,1627.4193548387098,2023,15995,2925.0,18.286964676461395
416,LTAI,Antalya,Türkiye,2023-09,61.0,892.0769230769231,2023,14082,1586.0,11.262604743644369
417,LTAI,Antalya,Türkiye,2023-10,31.5,480.45454545454544,2023,12595,693.0,5.502183406113537
418,LTAI,Antalya,Türkiye,2023-11,5.0,59.4,2023,5124,25.0,0.48790007806401253
419,LTAI,Antalya,Türkiye,2023-12,,,2023,3794,0.0,0.0
420,LTAI,Antalya,Türkiye,2024-01,,,2024,3637,0.0,0.0
421,LTAI,Antalya,Türkiye,2024-02,,,2024,3361,0.0,0.0
422,LTAI,Antalya,Türkiye,2024-03,,,2024,4491,0.0,0.0
423,LTAI,Antalya,Türkiye,2024-04,5.833333333333333,106.5,2024,7612,35.0,0.4598003152916448
424,LTAI,Antalya,Türkiye,2024-05,40.72727272727273,857.0,2024,11626,896.0,7.706863925683812
425,LTAI,Antalya,Türkiye,2024-06,78.9,1667.0,2024,14606,2367.0,16.20566890319047
426,LTAI,Antalya,Türkiye,2024-07,97.03225806451613,2275.2580645161293,2024,16079,3008.0,18.707631071584053
427,LTAI,Antalya,Türkiye,2024-08,94.38709677419355,1897.8064516129032,2024,16072,2926.0,18.205574912891986
428,LTAI,Antalya,Türkiye,2024-09,73.96666666666667,1141.2666666666667,2024,14160,2219.0,15.67090395480226
429,LTAI,Antalya,Türkiye,2024-10,38.96666666666667,433.23333333333335,2024,13039,1169.0,8.96541145793389
430,LTAI,Antalya,Türkiye,2024-11,19.2,181.8,2024,5752,96.0,1.6689847009735743
431,LTAI,Antalya,Türkiye,2024-12,3.5,26.5,2024,3704,7.0,0.18898488120950324
432,LTFJ,Istanbul Sabiha Gökçen,Türkiye,2023-01,69.0,4757.333333333333,2023,8563,207.0,2.417377087469345
433,LTFJ,Istanbul Sabiha Gökçen,Türkiye,2023-02,60.25,3095.875,2023,7541,482.0,6.391725235379924
434,LTFJ,Istanbul Sabiha Gökçen,Türkiye,2023-03,20.666666666666668,392.6666666666667,2023,8505,124.0,1.4579659024103468
435,LTFJ,Istanbul Sabiha Gökçen,Türkiye,2023-04,19.076923076923077,387.6923076923077,2023,8651,248.0,2.8667206103340654
436,LTFJ,Istanbul Sabiha Gökçen,Türkiye,2023-05,3.0714285714285716,68.5,2023,9361,43.0,0.4593526332656767
437,LTFJ,Istanbul Sabiha Gökçen,Türkiye,2023-06,22.4,530.5,2023,9807,224.0,2.2840827980014278
438,LTFJ,Istanbul Sabiha Gökçen,Türkiye,2023-07,7.636363636363637,170.0909090909091,2023,10257,84.0,0.8189529102076631
439,LTFJ,Istanbul Sabiha Gökçen,Türkiye,2023-08,18.53846153846154,344.9230769230769,2023,10423,241.0,2.3121941859349517
440,LTFJ,Istanbul Sabiha Gökçen,Türkiye,2023-09,10.0,252.0,2023,9622,40.0,0.41571398877572235
441,LTFJ,Istanbul Sabiha Gökçen,Türkiye,2023-10,11.0,235.66666666666666,2023,9625,132.0,1.3714285714285714
442,LTFJ,Istanbul Sabiha Gökçen,Türkiye,2023-11,23.37037037037037,557.7037037037037,2023,8682,631.0,7.267910619672886
443,LTFJ,Istanbul Sabiha Gökçen,Türkiye,2023-12,25.80952380952381,727.952380952381,2023,9419,542.0,5.754326361609512
444,LTFJ,Istanbul Sabiha Gökçen,Türkiye,2024-01,23.526315789473685,519.578947368421,2024,9245,447.0,4.835045970795025
445,LTFJ,Istanbul Sabiha Gökçen,Türkiye,2024-02,11.181818181818182,405.04545454545456,2024,8989,246.0,2.7366781621982423
446,LTFJ,Istanbul Sabiha Gökçen,Türkiye,2024-03,8.444444444444445,239.94444444444446,2024,9072,152.0,1.6754850088183422
447,LTFJ,Istanbul Sabiha Gökçen,Türkiye,2024-04,6.705882352941177,242.8235294117647,2024,9584,114.0,1.189482470784641
448,LTFJ,Istanbul Sabiha Gökçen,Türkiye,2024-05,11.8,267.1,2024,9793,118.0,1.2049423057285817
449,LTFJ,Istanbul Sabiha Gökçen,Türkiye,2024-06,12.8125,355.0625,2024,10178,205.0,2.0141481627038713
450,LTFJ,Istanbul Sabiha Gökçen,Türkiye,2024-07,18.357142857142858,487.5,2024,10371,257.0,2.4780638318387815
451,LTFJ,Istanbul Sabiha Gökçen,Türkiye,2024-08,4.333333333333333,62.6,2024,10413,65.0,0.6242197253433208
452,LTFJ,Istanbul Sabiha Gökçen,Türkiye,2024-09,17.666666666666668,250.33333333333334,2024,9507,53.0,0.5574839591879668
453,LTFJ,Istanbul Sabiha Gökçen,Türkiye,2024-10,3.25,51.75,2024,9668,26.0,0.26892842366570124
454,LTFJ,Istanbul Sabiha Gökçen,Türkiye,2024-11,25.0,856.0,2024,9779,125.0,1.2782493097453729
455,LTFJ,Istanbul Sabiha Gökçen,Türkiye,2024-12,18.666666666666668,294.3333333333333,2024,10295,56.0,0.5439533754249636
456,LTFM,Istanbul,Türkiye,2023-01,43.666666666666664,905.8333333333334,2023,19313,262.0,1.3565991818982033
457,LTFM,Istanbul,Türkiye,2023-02,96.5,4060.625,2023,17779,772.0,4.342201473648687
458,LTFM,Istanbul,Türkiye,2023-03,50.375,1037.5,2023,19565,403.0,2.0598006644518274
459,LTFM,Istanbul,Türkiye,2023-04,74.0,2214.1666666666665,2023,20232,888.0,4.389086595492289
460,LTFM,Istanbul,Türkiye,2023-05,46.285714285714285,1230.2857142857142,2023,21908,324.0,1.4789118130363337
461,LTFM,Istanbul,Türkiye,2023-06,45.0,582.5,2023,22154,90.0,0.4062471788390358
462,LTFM,Istanbul,Türkiye,2023-07,22.5,277.5,2023,23064,45.0,0.1951092611862643
463,LTFM,Istanbul,Türkiye,2023-08,34.5,1491.0,2023,23506,138.0,0.5870841487279843
464,LTFM,Istanbul,Türkiye,2023-09,62.714285714285715,2544.4285714285716,2023,22298,439.0,1.9687864382455826
465,LTFM,Istanbul,Türkiye,2023-10,59.5,3053.1,2023,21564,595.0,2.7592283435355225
466,LTFM,Istanbul,Türkiye,2023-11,91.44444444444444,3548.5555555555557,2023,19437,823.0,4.234192519421722
467,LTFM,Istanbul,Türkiye,2023-12,26.0,679.0,2023,20231,156.0,0.771093865849439
468,LTFM,Istanbul,Türkiye,2024-01,75.75,1638.75,2024,20277,303.0,1.494303891108152
469,LTFM,Istanbul,Türkiye,2024-02,21.0,309.5,2024,18938,42.0,0.22177632273735348
470,LTFM,Istanbul,Türkiye,2024-03,52.0,985.6666666666666,2024,20369,156.0,0.7658697039619029
471,LTFM,Istanbul,Türkiye,2024-04,47.0,1016.0,2024,21290,47.0,0.2207609206200094
472,LTFM,Istanbul,Türkiye,2024-05,53.0,1356.5,2024,22201,106.0,0.4774559704517814
473,LTFM,Istanbul,Türkiye,2024-06,69.66666666666667,1986.0,2024,22446,209.0,0.9311235854940746
474,LTFM,Istanbul,Türkiye,2024-07,35.666666666666664,1038.0,2024,23083,107.0,0.4635445999220205
475,LTFM,Istanbul,Türkiye,2024-08,99.33333333333333,4485.333333333333,2024,23249,298.0,1.28177556023915
476,LTFM,Istanbul,Türkiye,2024-09,57.0,1965.2,2024,22219,285.0,1.2826859894684728
477,LTFM,Istanbul,Türkiye,2024-10,83.0,1892.0,2024,21144,83.0,0.3925463488460083
478,LTFM,Istanbul,Türkiye,2024-11,114.5,4523.5,2024,20092,229.0,1.1397571172606011
479,LTFM,Istanbul,Türkiye,2024-12,,,2024,21130,0.0,0.0
